사업장명,성공
갈채다방,1
텀브커피 무교동점,1
더카페엔여의도백화점점,1
바이올렛에스프레소,1
카슈카슈,1
라바짜 캡슐 까페,1
쥬스식스이수역점,1
엑스골프 카페테리아,1
산호,1
(주)에이블커피그룹,0
내일,0
에코,1
화랑다방,1
커피타임,1
스트라커피,0
광희다방,0
이스팀,0
터미널다방,1
민트 트레이딩,0
강변,1
이디야 수락산역점,1
그라찌에(해봉부동산학관),1
티타임,1
라두스,0
1인1잔,1
씨프,0
쟈뎅더로스터리 이마트 성수점,0
이디야 화곡남부시장점,1
제프리,1
어반오믹스,0
카페베네홈플러스면목점,1
커피타임,1
명다방,1
공차 성수 성원점,1
커피앤샌드,1
(주)커피빈코리아 예술의전당앞점,1
타요더카페 롯데백화점 강남점,1
아마스빈코리아 목동파리공원점,1
다인커피샵,1
하얀정원(Jardin Blanc),1
까페일루시온,0
디초콜릿커피&동국대점,1
에이그레이트카페반포점,1
피피커피(5호점),1
장미다방,0
더해븐스,0
할리스커피 신림점,1
멍멍이다방,1
주인공,1
스타벅스랜드마크점,1
카페큐,0
연세 스카이라운지,1
3학년5반,1
생각이나서,1
할리스커피 종로본점,1
브레머원두커피전문점,1
오봉(oh! bon),1
미스터로티,1
북촌이야기,1
카페 데스티니,1
비틀즈커피숍,1
체르니커피전문점,0
엘가(Lga),1
투썸플레이스 코엑스푸드월드점,0
카페인중독논현점,0
미도다방,1
브라질커피점,0
(주)뽀뽀떼 주스엔커피,1
까페베네,1
카페드림,1
리커버,0
(주)메이커스페이스,1
카페아르떼(CAFE ARTE),0
요거프레소,1
곰작(gomzak),1
앤드하리 한남,1
카페 엘림,1
은정,0
팡세커피숍,1
목 카페,1
블루나일,1
카페함크(마을에서함께크는아이들,1
다쓰커피 삼전점,1
로티보이,1
까페아마이,1
세븐일레븐참누리월드컵단지점,1
다사랑 실버카페,1
스칼렛,0
포셀리나,1
청자,1
카페네스카페을지로리브로점,1
빽다방청량리역점,1
연희재,1
케이브홈,1
민트레빗,1
더까페까페,1
클럽마운틴,1
까치커피숍,1
탐앤탐스커피창동점,1
솔다방,1
바니,0
스타벅스커피 신세계강남 7F,1
달콤픽(Pick),1
위드,1
카페비전,1
키커피,1
스노잉합정점,1
아라커피숍,1
동그라미,1
커피플,0
여름우주,1
이디야 길음뉴타운점,1
에코커피,0
카페휴,1
우현아겔러리카페,1
롯데쇼핑(주)리치빌원두커피,1
마크브라운,1
쥬씨(에이스하이테크시티점),1
Cafe Namu 영우 성균관대,1
(주)빨라쪼,0
오렌지,1
무한접속,0
아로하 커피,1
더치앤빈,1
원빈,1
피렌체,1
쥬씨,1
용답다방,1
밥스타,1
어벤터치(회기사거리점),1
카페 띠아모,0
늘봄카페 서리풀어린이광장점,1
커피식스 압구정점,1
규젤(Guzel),1
마리,1
별,1
불커피 BULL COFFEE(여의도점),1
희다방,1
커피하루,1
필드,1
라운드 렉탱글 Round Rectangle,1
주스 앤,1
다향,1
복다방,1
빠스,1
코와핀,1
이즈커리전문점,1
데미타스,1
아리스타커피(ARISTA COFFEE),1
커피디자인,1
카페(cafe)711,1
커피앤소울,1
마산할매집,1
유니크커피점,1
청솔커피숍,1
던전 ANN CAFE,1
카페몬덴킨트,1
하임샵,0
커피마마 곰달래점,1
성원커피숍,1
백미당 엔터식스 강남점,1
록키마운틴초콜릿팩토리,1
마랭고,1
아인,1
카페자라(CafeJarrah),1
희커피숍,1
리제,0
카페다소,1
호라이즌2 구니카,1
(주)알프레도,0
헬로 드림 커피(Hello Dream Coff,1
소목(장안점),0
스위트번스,1
사랑채,1
프라한 PRAHRAN,1
세븐스에비뉴,0
"꽃, 개",1
HONEYBEE COFFEE(허니비커피),1
롤능동어린이대공원점,1
온새미로,1
벨라빈스,1
커피니(강남구청역점),1
투더문(TO THE MOON),1
빈원두커피전문점,1
브레인커피전문점,1
오피 텐,1
아실,1
베네성북역점,1
커피가있는주방,1
스타벅스 동대문공원점,1
커피홀릭,1
다락방,1
에스티플이(ST+E),0
페이지오삼이,1
(주)커피빈코리아 대치동나무병원,1
씨씨클럽,0
위드까페,1
큐베리,0
47st Cafe#(47번가카페샵),0
세인트존스(Saint John`s),1
커피에반하다,1
카페드림(고려대학교점),1
허니비케이크,1
슬로우커피,0
매머드커피,1
길목,1
카페홀릭목동지점,1
장미다방,1
규젤(GUZEL),1
미스터로티,1
마농,1
오늘,1
쥬시빈,1
나루카페,1
활짝핀,1
MJ통상,0
(주)마야네 사과나무,1
피아이지에이,1
봄누리,1
명,1
카페29번가(29th AVE cafe),1
비틀주스,1
아트타운성수점,1
카페리얼딥,0
카페와플스토리,1
피타 보노,1
엔제리너스커피,1
마켓유 둔촌점,1
PUESTO(푸에스토),1
플레이버,0
케익다방,1
세현커피숍,1
커피파티,0
중앙다방,0
은성,1
오두막,1
가을,0
레뚜라(Letter to Latte),1
이디아 텐즈힐 점,1
국제시장,1
동산,1
우성,1
왕의커피오목교점,1
에제르,1
국도다방,1
커피향기,1
커피 지(Coffee G),0
Bliss(블리스),1
달달,1
차가람,1
사랑이야기,1
씨티코즈,1
카페온다,1
커피베이,0
십자수&커피이야기,1
차콜로스터커피,1
앨리스토리커피,0
팝콘,0
Pit a Pat (피터패트),1
우정다방,1
선인장,1
꼬냥이놀이터,1
돌곶이,1
르샤,1
공정무역 민들레카페,1
꼼데플랑트(comme des plantes),1
에이원,1
롯데푸드(주)커피관악점,0
토프레소 금천힐스테이트점,1
코스모스,1
카페바우,1
커피앤트리(COFFEE n TREE),1
이디야서초점,0
세븐일레븐 명지충암점,1
초원다방,1
왈츠하우스,1
프랭크서울,1
카페 미니,1
다빈커피숍,1
비젼카페,1
만랩커피 마곡나루역점,1
공린가,0
카페드아마폴라,1
상파울로,1
놀토네,0
즐겨보소,1
플레이스 카페,1
월드,0
임프라티앤커피하우스,0
노팅힐,1
누크커피,1
(주)디오토스테이션,1
진주,1
chu♡,1
귀빈다방,1
HUE space,1
(주)커피빈코리아 명동5호점,0
사랑은구름을비로내리,1
Cafe H(카페H),1
티라떼,1
수정,1
수분(Sooboon),1
커피타는 고양이,1
이디야커피 테헤란로점,1
스타벅스 남산단암점,1
에스프리,1
(주)보나비 아티제 뱅뱅사거리점,1
(주)커피빈코리아 뉴명동점,1
신촌 시크릿,1
한솔다방,1
꼼떼스디바리,1
스트라다 커피랩,1
나이스데이,1
알레커피전문점,1
놀숲수락산역점,1
뉴블 커피숍,0
갤러리아트다림,1
파리다방,1
백조,1
미스터빈,0
사임당갤러리&카페,1
커피브론즈 충무로점,1
로스떼(Roste),1
웨딩프린스,1
커피클럽,0
모카빵,1
바나나,1
모코커피,1
브레머,1
달커피,1
카페제이브라운,0
엔제리너스커피건대역점(Angel-in,1
스타벅스 광교점,1
커피콩,1
보리수,1
비발디,0
알리바바앤일설차사,1
코지코너,1
스타벅스커피 강남에비뉴,1
양천,1
아이엠씨(강남점),1
카페자스,1
오마뎅답십리점,0
코레일유통(주)할리스,1
R 카페,1
또또다방,1
에스프레소두들(Espresso Doodle),1
수에무와,1
브라운빌,1
45번가 카페,1
스위트몬스터,0
도그플라워,1
카페테소로,1
카페글렌 합정점,0
커피에 반하다 남산한옥마을점,1
아조다방,0
밥드림커피스테이지,1
목련다방,0
이브릭,1
아이스 빈,1
카페 봄,1
커플,1
피에로 커피,1
오두막,1
뜨루아,1
성북청소년문화의집,1
cafe'커피네,1
별과꽃,1
킹콩쥬스홍대1호점,1
예수영광교회카페,1
더빈스11(The Beans11),1
러시아,1
잇앤드링크,1
베이글팩토리,1
객석커피숍,1
파스쿠찌 연세심혈관병원점,1
카페 랩(은명초점),1
우리 지금 여기,1
더뉴게이트이스트,1
와리터경희대점,1
커피아마토르,1
까페 바비,0
예원,0
청솔전통찻집,1
바리스타나눔,0
샌드백(Sand.100),1
블럭캠퍼스 마곡,1
카페베네 양재근린공원점,1
커피#멜로우(COFFEE#MELLOW),0
MERCHANT COFFEE(머천트 커피),1
LBC상담소,1
오두막,1
(주)커피니 청량리점,1
뜨레모아,0
니콜,1
달마휴게방,0
요거프레소 강동성심점,1
빈스앤베리즈서울역2호점,1
앙띠,0
바이더웨이,1
이디야커피 구로AK점,1
까페시모 상도점,1
아트커피,0
심플시티5,1
Cafe gran(카페그랑),1
틈새커피,1
청춘고양이,1
신흥커피숍,1
호수,0
GE4E COFFEE(지이사이커피),1
반지대학명동캠퍼스,0
빵교시&커피,1
투텐(커피투어),1
요거프레소(동대문롯데캐슬점),0
아망떼,1
커피네요,1
기프트앤카페(Gift&Cafe),1
보틀살롱,1
탐앤탐스 역삼gs타워점,0
카페몬덴킨트,0
팡세커피전문점,1
크레이지초코 압구정로데오점,1
까루나(Karuna),1
그대맘,0
신천지커피숍,1
동봉커피,1
목화다방,1
늘프른하우스,1
더카페,1
카페드람브르,1
커피마마,1
카페 세시봉,1
슈비두비(SHOOBY DOOBY),1
초코비니(CHOCO BINI),0
샐프레소(Salpresso),1
그대를 위한 커피,1
아리가또,1
원츄(onechew),1
서촌커피,1
하빈,0
두레,1
마로스,1
백야드빌더,0
카페중원(CAFE JUNGWON),1
가배두림역삼점,1
뮤렝,1
Croo:n(크룬),0
제일다방,1
치앤강 암사역점,1
이디야 커피(화곡사거리점),1
갸또,1
진주다방,1
카페페드로끼상암점,1
브라질커피숍,1
꼬레후라이드라이스,1
쥬씨강서고점,1
CONA CAFE (코나카페),1
브레머커피숍,1
투썸플레이스 가산로데오점,1
쉼표,0
로뎀,1
태평양다방,1
카페라또,1
은성휴게실,1
탐앤탐스캘리포니아 강남점,1
수다방,0
스타벅스하이테크시티점,1
훼미리,1
화계커피숍,1
파라,0
하늘정원이야기,1
삼청동 마카롱,1
하늘빛 테라스,1
커피마마 성내점,1
달콤커피타임스퀘어점,1
백조,1
자바커피숍,1
(주)보나비 아티제 SBTM점,1
커피나무 고려대점,1
애플토스트/커피,1
510파인애비뉴,1
스위트번스,0
태양다방,1
김밥매니아,1
(주)커피빈코리아청담점,1
브릴리언트 커피로스터즈,1
양지다방,1
우카페(WOO CAFE),1
스타벅스커피 내방역점,1
하나로다방,1
오늘살롱,0
카페 심콩 (Cafe Sim Kong),1
투썸플레이스 은평한옥마을점,1
동물친구들,0
커피룻,1
하바나 커피(HABANA coffee),0
트랙샷,1
이즈(EEZ),1
백제,0
커피에반하다 독산초점,1
돌고래다방,1
카페(CAFE)그루,1
로(Roh),0
이디야커피구의동점,1
라비(Lavie),1
북촌다방,1
카페플라체(Cafe Place),0
롯데지알에스(주),0
카페룽고,0
바로커피,1
컬러커피전문점,1
민들레뜨락,1
커피쑴,1
(주)파리크라상파스쿠찌목동점,1
에로스,1
시오시오,1
"카페 여유, 로그",1
제임스딘I,1
레드망고,1
(주)아모레퍼시픽오설록,1
티모시스월드커피(Timothy's worl,0
뭉크,1
한양다방,1
카페벗티,1
카페5,1
메리미,1
메리하하(Merry Haha),1
카페 네스카페,1
엠앤피테라스(M&P테라스),1
온바로(ONBARO),1
스쿨존(School Zone),1
탐앤탐스(올림픽공원북문점),1
원(One)커피,1
카페 사투(Cafe Satu),1
주식회사 열두달,1
앙금꽃피다,1
카페알빠르코,0
커피프러스,1
리오,1
훼미리마트,0
버블티 웍스(BUBBLE TEA WORKS),1
미성커피숍,1
예스커피전문점,0
노피디네 콩볶는집,1
카페올로,0
(주)커피빈코리아 수서점,1
라이언컴퍼니,1
진영식품,1
치치노팡,1
카페리빈,1
고래,1
픽시케익&카페(pixy cake & cafe),1
에덴,0
75도,1
해공스넥바,0
카페데플뢰르도곡점,0
서울강서지역자활센터더마실카페,1
라이프커피컴퍼니,0
마농,1
애플,1
수커피숍,0
태양다방,0
디비에스(주),1
초원다방,1
푸른풀밭(Green Pastures),1
바꿈카페(도봉장애인종합복지관),1
(주)말차팥차 종로두산위브점,1
클럽,1
골목다방,0
토끼의 지혜,1
온유어마크,1
공차광운대점,1
유씨씨 커피(ucc coffee),0
빽다방,1
커피플러스,0
대양다방,1
라마지아댈카페,0
(주)커피빈코리아 방이역 4번출구,1
커피브로스,1
스타벅스 송파위례점,1
엔제리너스커피(월드컵몰점),1
브라이트 건대점,0
까페그레코,1
카페토스피아,1
102트리(TREE),0
엔제리너스 정동점,1
IN,0
카르페디엠,0
도담카페,1
브레드 앳 홈(bread at home),1
히말리아로가는길,1
감나무집 까페,1
블라썸컴패니언,1
원제이카페,1
우드,0
은하철도990,0
소소한,1
감성커피(드링크타운),0
로뎀나무,1
로뎀트리,1
중앙다방,1
커피레벨52 대륭점,1
LUMBERJACK(럼버잭),1
로즈버드,1
자연찬유통사업단(cafe de May),1
헨리,1
에그드랍 마곡나루역점,1
누리,0
커피숍천지,1
보카죤역삼점,0
커피빈코리아여의도점,1
커피매니아,1
비바커피,1
석화커피숍,1
커피밴드,0
쥬스올러지(juice+ology),0
(주)커피빈코리아 여의도순복음교,1
할리스커피,1
휘드카페 중계점,1
만나타코,1
스타벅스 성수역점,1
텀브커피,1
난다랑,1
엘까페딸,1
카라스커피숍,0
카페그랑,1
커플,1
씨톡(C-Tok),1
보노보노,1
르보(lebo),1
라온 커피 앤 브래드,1
만화가있는풍경,0
빌,0
coffee 가루,1
이젠 커피공방,1
대청다방,1
좋은친구들,1
탐앤탐스탐스퀘어영등포점,1
조은아침,1
스타벅스 우장산역점,1
소소(笑笑),1
커피프린스,0
카페플레이버,1
라쿠치나,1
브레드카페,1
벨라지오,0
coffee naru(커피나루),1
Morigin(엠오리진),1
룰루와키키,1
테이크아웃,1
삼호커피숍,1
After Coffee(에프터 커피),1
김삿갓,1
커피베이,1
카페인프라,1
로망스,0
사과다방,1
작,1
COFFEE(커피),1
(주)커피빈코리아 영동고앞점,1
스타빈,0
쥬씨차얌여의도시범단지점,1
미스터라이브,1
봄날,1
카페모아실로암안과병원점(실로암,1
카페(cafe)혜화문아래,0
셀렉토커피 개봉동점,0
약속다방,0
정아네,1
커피볶는 하루네집,1
아더(Arthur),0
볼레로커피숍,1
(주)한그린,1
텐텐(tenten),1
아라마크(주) 북카페지점,1
카페에델리아하이마트점,1
카페에셀,1
양지다방,1
커피비,1
주스탐,1
매머드 익스프레스 신림대학점,1
갤러리 그안,0
리즈앤틱,1
투썸플레이스 등촌역점,1
목화,1
TAKEAWAY,1
커피에,1
자바커피선릉점,1
점폴린파크행당점,1
부자다방,1
투썸플레이스동서울터미널,1
파스쿠찌광장워커힐점,1
커피앤트레인,1
평택쌀빵,0
쥬씨 서울대입구역점,1
그라시아,0
LAON,0
한일다방,0
환희다방,0
로로커피,0
자유시간커피숍,1
행복떡방&cafe(카페),1
요거프레소,1
스타벅스 아시아선수촌점,1
이디야커피영등포홈플러스점,1
커피방앗간,1
벨라빈스 성수점,1
솔다방,1
에디션(EDITION),1
쥬뗌므,0
자스,1
커피클럽,1
공차 롯데피트인 동대문8층점,1
마리웨일영등포구청점,1
하이트광장,1
세븐일레븐,1
카페 령,1
커피집,1
커피바이(coffeebuy),1
Coffee with,1
라떼킹,1
아리스타 커피,1
체셔 코믹스카페,1
라퀴송,0
연두,0
로스푼티노,1
AM PM 편의점,1
케이샵,1
플라타너스,1
정다방,1
엔씨카페바이더블해피니스,0
모노스토리 에스프레소,1
로지핀치(ROZY FINCH),0
그라찌에 종로점,1
타미하우스,1
카페 블레싱(CAFE BLESSING),1
비보(Vivo),1
옥상달빛,0
로즈앤커피(Rose & Coffee),0
카페리시오,1
(주)빌리엔젤 강남,1
이디야 커피 신수유역점,1
엔제리너스약수역점,1
더팬,1
커피라인,1
커피베이,1
퀸커피숍,1
커피클린(COFFEE CLEAN),0
티파니,1
삐아자,1
경커피숍,0
라미스콘,1
더치앤빈 서울역점,1
공차(Gongcha),1
스타벅스기술센터점,1
썸띵비터(Something Bitter),1
(주)리빙스톤스쿨,1
코나빈스,1
투웰브 바스캣,1
별다방,1
엔제리너스커피,1
공린가2,0
코인,1
서흥다방,1
베스트빈,1
(주)동원홈푸드금융투자교육원점,1
엔제리너스 종로,0
카페봄 Cafe Bom,0
스타벅스 강남R점,1
다크브라운,0
(주)모두락,1
센트로,1
알파치노,1
카페 꽃담,1
미주다방,1
더착한커피(등촌점),0
와플덴(Waffle Den),0
COFFEE#,0
아름다운만남,0
클러리,1
로코코,1
이제이,1
놀숲 어린이대공원점,1
요거프레소 관악산점,1
나띵베러,1
엔돌핀쥬스,1
(주)커피빈코리아 행사점,0
다음애,0
엄지다방,1
세븐커피숍,0
아이엔지,0
레인보우플레이버(Rainbow Flavor,1
라이크잇 커피앤북스,1
더커피베리(the coffee berry),1
탐앤탐스,0
둘리스,1
제퍼빈스,1
카페모퉁이,1
COFFEE RAY (커피 레이),1
그린하우스,0
할로우커피전문점,1
coffee grade,1
리치인커피전문점,1
델트(DELT),1
할리스커피 약수역점,1
웰티샾,0
커피디지 메세나폴리스점,0
와이제이원두커피전문점,0
잇츠리얼타임카페,1
클립한양점,0
시모커피(SSIMO COFFEE),1
오리엔탈하우스,0
카이저,1
브라우니70,1
엠비커피전문점,0
까페고조,1
cafe1320,0
공부하기좋은카페오늘,1
성일다방,1
세븐몽키스커피,0
리디아 플라워 앤 커피,1
던킨도너츠 신도림홈플러스점,0
크리미티,1
세종호텔공항휴게실,0
이케이카페,1
라폰디,1
오두막커피숍,0
드립하우스,1
Caf'e De Kay(까페 드 케이),1
마카몽,1
더커피하이소(The Coffee Hiso),1
명금탕,1
카페잇,1
Ka(카),1
(주)공차코리아 현대천호점,1
커피구멍가게,1
고운다방,1
이삭토스트,1
캠퍼(CAMPER),1
커피마마(은행사거리),1
광일이네,0
불꽃,1
ToPresso(토프레소) 교대점,1
카페 플레인(cafe plain),1
킹스빈하이테크시티점,1
달큰커피,1
초우다방,1
미남씨네 커피가게,0
카페 스위트피,1
카페 베데스다,1
토프레소 암사점,1
리젬와플,0
선미다방,1
커피코트 공덕롯데캐슬,1
카페늘봄13호 수학박물관점,1
카페큐,0
샌드팩토리,0
씨엠다방,1
로사플라워카페,1
카페소나타(caffe sonata),1
태평양,1
리스펙트(Respect),1
마나보다만화카페,1
샐러데이(Saladay)중랑세무서점,1
거북이 벗,0
투썸플레이스문래하이테크시티점,1
커피베이 중랑망우점,1
토르토니커피전문점,0
플라워카페 강남NO점,0
이디야커피중계롯데우성점,1
카페펜타곤바이1330,0
레퓨지,0
뉴욕,1
첼로커피전문점,1
쥬시 응암역점,1
카페스트라쎄,1
카페 드 앙떼띠,1
밀크커피,1
카페 스페이스,1
morimoro,1
하 사 람,1
할리스커피 교통회관점,1
빈스플래닛(서초점),1
더마실카페,1
스타벅스남영동,1
라 보카(la boca),1
오르페블랙,0
피에이치칠점삼오(PH7.35),1
탐앤탐스 신촌로터리점,1
진,0
라트(LATT),1
(주)자바씨티코리아,0
바보카페(VABO CAFE),1
레옹,1
띠아모청구역점,1
카피나원두커피점,1
세븐스에비뉴,0
미스터커피,1
다정커피숍,1
센티모르개포점,1
프레페레,1
초당,1
멀티하우스카페 앤 스터디룸,1
소요하,1
엔제리너스 올림픽공원점,1
카페앨리스(cafe Alice),0
바이손,1
고조미 신림점,1
가배두림 여의도 중앙점,1
카페 브릿지(Cafe BRIDGE),1
해피 애니,0
노란코끼리,1
카페설기랑,1
커피나무,1
토론토,0
비타민 청춘카페,1
따몽,1
탐앤탐스 청담 파드스테이션,1
멜팅모먼트,1
(주)쟈뎅,0
데자뷰,1
에세이(S.A),1
제이엔제이,0
엣세이,1
어슬렁정거장,0
자바씨티코리아강남우성점,1
콰스타커피(QUASTA COFFEE),0
파스쿠찌역삼로점,1
뮤르뮤르(murmure),0
요거프레소 하월곡점,1
카페뚜또(CafeTutto),1
카페N258,1
수리야,1
이어도,0
젤르,0
효다방,1
청우다방,0
클럽커피전문점,0
쉐라톤서울디큐브시티호텔델리,0
크로네(KRONE),0
에어커피전문점,1
씨앤지,1
골목숲3,1
대지다방,1
토프레소,1
샌드앤푸드,1
토스카나,0
NiDor(니도어),0
라인커피,0
뿌리 플라워 카페,1
궁전다방,1
그라운드62(GROUND62),1
스타벅스 구역삼사거리점,1
글로리아진스커피대학로점,1
(주)엘에스씨푸드(티원자력),1
(주)할리스에프앤비 용산아이파크,1
래그랜느,1
설빈,1
삼보,1
목포,0
러블리 초코,1
캔모아,1
파스쿠치 발산역점,1
빽다방(건대로데오점),1
대학발명카페,0
커피베이대림3동사거리점,1
가양,1
올그린,0
써브웨이 언주역점,1
휘드카페 공릉점,1
플로라,1
자연이주는행복,0
다사랑커피전문점,1
레자미,1
강철개나리,0
호수다방,1
카리나커피전문점,1
블랙라인커피 대학로점,1
애니타임,1
영 다방,1
웰빙퀸,0
카페소소연세강남장례식장점,0
몰디브,1
수커피,1
수정,1
라피아토,1
건우네 커피 거여점,1
준(June),1
가배,1
아인커피전문점,1
프레쉬그리너리,0
동네커피집,1
퍼플,0
카페크세쥬,0
유188 흑삼커피,0
사라본,1
오렌지나라,0
아우트커피,1
꽃휴게실,1
툴스커피(TOOLS COFFEE),0
카페르네,0
옛날에금잔디,1
카페리시안,1
라비타,1
아이엠 커피,0
라잔떼,0
St.535로스터리카페,1
마르코폴로,1
어르신 부티샬롱,1
카페예스플러스신촌역점,0
이디야,0
케세,1
컴온샌드위치앤커피,1
백송다방,1
다인방,1
커피베이 행당점,1
쓰임,1
다랑,1
보디가드,0
칼리스타플라워까페(Calista Flow,0
HILLS COFFEE(힐스커피),0
좋아요카페,1
커피에 반하다,1
카페마망,0
디이에프레고카페(DEF),1
썬카페,1
ㅋㅋ다방엘큐브홍대점,1
비발디,1
쥬스방,1
약식불이토종마을,1
미래,1
TJ커피전문점,1
수다방,1
두평반,0
꾸띠에 안암점,1
메드커피(MAD COFFEE),1
파로스,1
이디야커피 송파동점,1
녹삼방,1
수다방,1
커피랑도서관,1
카페베네 매봉역점,1
사카,1
로티보이 영등포점,1
진다방,1
콩아의 카페 공간,1
민트프랜트,1
카페마루,0
본솔커피교육센터,1
마노핀지카페창동점,1
히즈힐,1
열매,1
joo인테리어가구카페,1
들어花카페공방,0
카페 루시카토 두타점,1
(주)잠두봉더나인,0
카페 하늘,1
필리,1
마레정원,1
카페라니(Cafe Lani),1
투썸플레이스 강남수서점,1
커피베이 염창점,0
본전다방,0
디아이와이카페(Aroma-A),1
브레머,1
띠아모,0
커피브레이크,1
서울다방,1
카페네스카페 이대점,1
카페스토리,1
cafe ciao(카페챠오),1
쿡앤북,1
플로릭카페,1
카페빌,1
브레덴코,1
아인커피전문점,1
드블랙홍콩,0
이디야 우이역도선사점,1
컴온,1
코디,0
우리차내림,0
팔라조,1
브이알 커피다,0
까페위드(cafe With),1
엠엠티에이치 영칠칠(MMTH 077),1
이씨엠코리아(ECM KOREA),1
보고타,1
남산카페,1
쵸코밀크,1
째즈,0
달콤포트,1
라리마(Larimar),1
O 베이커리 커피,0
슬러프커피,1
카페 모아,1
랑쁠리원두커피점,1
커피기업동여의도점,1
페어칠이오,1
카페바이한성,1
라스텔라(lastella),1
리쎄스,1
커피에반하다(방학역점),1
까망물,1
커피라인,0
아투커피점,1
꿈나눔카페,1
로티보이코리아,1
투썸 양재시민의숲,1
이디야,1
할리스커피 신림녹두점,1
빨라쬬,1
카페루이스,1
착형(Good Brothers),1
커피퀘스트(COFFEE QUEST),1
카페네스카페홍대입구점,1
여기커피,1
토스트프랑세,1
HELMUT(헬무트),1
데일리도스,1
카페베네 방배서래점,1
즐거운북카페,0
유원커피샵,0
틈,1
쏘뇨,1
타임테이블,0
리브가,1
돌다방,0
놀자,1
명성커피숍,1
사카(계몽점),1
장원커피숍,1
와이샐러드카페(Y salad cafe),1
할리스커피,1
모던,1
화두,1
뉴에덴,1
유니버셜리스,1
가비니아,1
코어,0
노리(NORI),1
사쿠라커피로스터스,0
커피볶기,1
진다방,1
카페 시애틀,0
비아엠,1
앙시커피전문점,1
오가다 대치점,1
장수커피,1
커피집,1
카와블러썸,1
약속,1
노란코끼리,1
인산죽염원광센터,1
이디야커피 무악재역점,1
헤일리스 커피,1
양산다방,0
카페 곳,1
마세리아,1
더 커피스토리,1
커피가있는모퉁이,1
가비1896,1
할리스커피방배점,1
유리키친,1
아마스빈보라매점,1
(주)텐케이,1
초원다방,1
아키스,0
지게작대기,1
커피지,1
로즈버드이비에스점,0
보티,1
참존,1
청록,1
그레이스영,1
쿠벅커피강남롯데점,1
투데이,0
캘커타,1
국빈다방,1
카페그라우(CAFE GRAU),1
카페베네,1
스타벅스 명동중앙로,1
장안다방,1
백미당 강남358타워점,1
이디야(신도림테크노마트점),1
커피마마,1
베리주스,1
O'WHO(오후),1
행복플러스 보호작업장,1
Ru Lu La Ra(룰루랄라),1
일성사우나,0
해피아워,0
카일루아,0
옐로(Yello),1
민들레커피숍,0
꽃다방,1
크리미 몰랑,1
유로파,0
PLAN.Bean(플랜빈),0
버블 앤 커피,0
(주)체크페이먼트,0
피터팬커피,1
카페아띠,0
카페디저트(cafe dessert),1
토프레소,0
민들레,1
자연드림 성북길음점,1
커피매거진,1
애니(Annie),1
카르포스,0
몽키카페,0
블레스(Bless),1
카페글렌,1
숨은그림찾기,1
메카커피전문점,0
끄레마,1
스타벅스 롯데캐슬 여의도점,1
봉쥴,0
르노와르,1
베네 동교동 로터리점,1
카페 다스티,0
티(T)월드 카페,1
유티비커피,1
백미당 롯데명동점,0
에프비아이,0
도시공간커피,1
스터디룸 인,1
피아노,1
커피집,0
은정커피숍,1
매스터커피,0
아리아커피,0
팔팔커피숍,1
칸느,1
만땅커피,1
풀향기커피숍,0
공차 고속버스터미널점,1
이디야 서초역점,1
행복한 베이커리 & 카페,1
스타일커피(STYLE COFFEE),1
원빈-Onebean,1
카페린다린다린다,1
사랑방,1
버즈건대역점,1
케빈즈파이(Kevin`s Pie)마포점,1
카페위,1
요거프레소 서초법원점,1
(주)이비엠,1
커피라운지,1
빈스앤베리즈아카데미점,1
토프레소,1
브이알 존,0
레더라 구로지밸리몰점,1
아이비,1
두레마을우동집,1
스타칼라 스넥,1
크런치오븐 (crunch oven),1
스위트번스,1
반포동커피집,0
투썸플레이스화랑대역점,1
요벨,1
엔제리너스 광나루점,1
크로바커피숍,0
큐베리,0
시샘달,1
베레,0
(주)제니하우스이호점,0
더해봄,1
뚜또에스프레소(tutto espresso),0
주스에비뉴(Juice avenue),1
명(明)온열앤힐링,0
요거프레소 미아트리베라점,1
충남다방,1
모터러스,0
태양,1
빽다방신설동역1호점,1
마인,1
데어스,0
동경호텔,1
1번 출구 Coffee,1
파스피스(PAZPEACE),0
띠아모,1
까치다방,1
세븐스에비뉴,0
스테이,1
씨유신월일등점,0
고메이커피전문점,0
파스쿠찌,1
선길,1
스타벅스 성신여대정문,1
역삼 커피로스터스,1
SOO(수),1
설화,0
멕시칸도넛츠,0
보스,1
원두판다,0
엣코너,1
떨기나무카페,1
이디야 동평화점,1
피어커피로스터스,1
내아띠,1
커피에 반하다,1
쎄뿌흐뜨와,1
컴온,1
칠요일의케이크,1
곰브라더스숙대입구점,1
그린,1
리틀생과일쥬스,1
코페아,1
마이빈,0
하이웨이,1
카페올리브,1
GARAGE COFFEE(개러지 커피),0
리얼시티,1
카페 S 프레소,1
카페 후르티바,1
에이그레이스,1
티저트9,0
상록수,1
000간,1
일리샵,0
비안코 포레스트,0
백인대장카페,1
금성다방,1
탐앤탐스 반포스타점,1
청구다방,1
랑쁠리,0
스위트카페,0
이디야(사가정점),1
라운드커피,1
금다방,1
히스카페(His Cafe),1
더컬러(The Color),0
스칼라티움 강남점,1
장수왕만두,1
Cafe doux 까페두,1
카페제이,0
잉크커피,1
커피식스 쥬스식스 천호역점,1
더 스탠다드,1
하우스 브란트,1
준스와플,0
IL NOCE(일노체),1
명동다방,1
요거프레소 서초 참누리점,1
피터패트,1
카페루이스,1
요새(YOSAE),0
카페 토스카나,1
몰로컴퍼니(MOLLO COMPANY),0
봄클커피숍,0
애니클럽,1
비목다방,1
커피더캠프,1
투썸플레이스 매경미디어센터점,1
Cafe Noche(카페노체),0
카페보스,1
스위트아일랜드,1
프레피,1
신일다방,1
세상위의세상들,1
계동13,1
카페 805,1
동원,1
수진,0
복다방,0
컵스어라운드,1
Lemon Meringue(레몬머랭),0
배리하우스,1
렌떼두타7층점,1
레드로즈빈,0
북카페새벽이슬,0
파스쿠찌 신분당양재역점,1
엔646,1
연인,1
왈츠삼성점,1
폴카,0
달달한고민 두번째이야기,1
요거프레소(면목점),1
두평반,1
동양다방,1
에반스커피(EVANS COFFEE),1
라퓨타,1
더카페,1
3202로스터리,1
올리브카페,1
전철,0
청정프랜드,1
석호다방,0
땡스커피(Thanks coffee),1
케키하우스,1
원니스(Oneness) 커피숍,0
메가커피(왕십리점),1
플리즈커피(성산점),1
희다방,1
하이제씨,1
설기향기 앙금플라워 떡케이크,1
더카페(명지대점),1
MSC COFFEE(엠에스씨 커피),1
고메이커피숍,1
투더디프런트,0
둡커피바,1
프루토,0
그린원두커피,1
타임다방,0
쌍쌍,1
에스엔월드,1
파스쿠찌 삼성역점,1
완전한사랑,0
오두막커피숍,1
이디야커피사당역점,1
토프레소 낙성대역점,1
로뎀카페,1
커피톤,0
반앤반,1
호수다방,1
다시스 1호점,1
브엘세바,0
드플로허,1
더킹(THE KING),1
스타라이트,1
커피타임영동점,0
카페빈스토어,0
한성다방,1
설다방,1
인커피전문점,1
원두우먼,1
커피 아일랜드,1
(주)신세계푸드 성신여대 까페 에,1
브레머,1
카페바보,1
로뎀나무아래서,0
탐앤탐스KBS별관점,1
맑,1
커피아나벨,1
카페몽실,1
웨잇데어(Wait There),1
(주)커피빈코리아 트레이드타워점,1
카페리빈 테헤란로 2호점,0
써드포즈션,1
하이델커피전문점,1
모노레일,0
팔공티 강남역점,0
sth(에스티에이치),1
커피에 반하다 은평뉴타운점,1
이디야 상월곡역사점,1
그래머시홀,1
"쥬씨, 차얌 은행나무점",1
명지대 빽다방,1
나드리,0
이로운,0
카페 두다트(Cafe DuDart) 서초역,0
새빛,1
일공일육,1
까페10그램(cafe 10 gram),0
로도덴드론,1
맥스마리,1
씨엔아이,1
카페세븐스프링스 연지점,1
워너커피,1
봄날의고양이,1
더쿼드,1
투썸플레이스 상도해링턴플레이스,1
CAFEYO 카페요,1
카페 휴,1
조이월드커리전문점,1
20oz coffee(20온스커피),1
에프씨(FC)서울팬카페,0
수양커피숍,0
카페안젤로보노 서울성모점,1
전광수커피하우스 명동성당점,1
보나르떼,1
길다방,1
하이까페(HiCafe),0
갤러리라운지카페,1
커피타임,1
엉클로,1
아이손쿠킹클래스,1
뮤렝,1
커피나루,1
이탈리코,1
포인트,0
퍼스트클래스 롯데청량리점,1
그린커피숖,1
대지다방,1
아이미스커피,1
스타벅스 선릉로점,1
다인,1
Cafe 775-4,1
빈즈메이드(Beansmade),1
휴카페,1
슈가링스,1
누마루,0
아라리 오브네 연남점,1
티타임헬씨,1
팬디,1
토프레소,1
볼케이노 커피,1
커피온리 수서현대벤처빌점,1
김화자카페,1
커피베이 강동역점,1
리틀바하(LIttle Baja),1
손탁커피,0
파란햇빛,0
투웰브,1
그린바이크커피(Green Bike Coffe,1
미칠비루 디져트 아뜰리에,1
원오브씨(one of c),1
인포멀웨어 커피서플라이,1
토브서브,1
투썸플레이스 신림로점,1
탑커피숍,1
송파다방,1
해피트리,0
케이탑,1
카페젤라또,1
coffee Loft(커피 로프트),1
카페윤(CAFE允),0
식물A,0
요거프레소,1
샾 에스프레소,1
맥카이하우스,1
스타벅스중앙대점,1
카페 큐,0
한강커피숖,1
탐앤탐스,1
카페베네,1
커피101,1
닥터스커피(강남),1
파니니,1
원두볶는사람들,1
동보,1
유니유니베이비카페,1
마라나타,1
놀숲 사당역점,1
아름다운꽃,0
카페크레아팜,1
은행다방,1
커피 블랙빈,0
마노핀 익스프레스 홍대입구역점,1
까페12PM,1
세왕,1
마마미아,0
사카원두커피전문점,1
투썸플레이스신천점,0
삼성웰스토리(주) 삼성화재웰스토,1
카페베네장평점,1
투썸플레이스 옥수역점,1
꼬뜨메종,1
고려,1
장수한방차,1
위트러스트커피(WE TRUST COFFEE),1
더빅,1
꿈꾸는 길냥이,0
이디야,1
와플대학(홍대점),1
네스빈,1
오앤드오,1
비스트로 33,1
카페부오노,1
쟈콤키피숍,1
디프인,1
탐앤탐스(회기역점),1
타르타르 포스코센터점,1
요거프레소 개봉사거리점,1
솔내음,1
(주)호텔리안,1
팡세커피점,1
버즈(건대점),1
오페뜨 서울대역점,1
덩크슛,0
할리스커피숍,1
고디바,1
알라딘,0
에스프레소 인 뉴욕,1
팬덤커피,1
차뜨라므,0
볼원락볼링장,1
루네쌍스다방,1
멜로디,1
데이지커피숍,1
프로푸모(Profumo),1
에이림커피,1
커피나라,1
프라우스타커피,1
사랑방찻집,1
굳타임,1
메가푸드앤서비스(주)서초지점,1
(주)아모레퍼시픽,0
사파리,1
경동,1
그린커피,1
Espressivo Coffee Roasters(에스,0
초원다방,1
(주)커피빈코리아 인사점,1
Hello Coffee(헬로우 커피),1
공차 강남구청역점,1
웨일즈커피트윈시티점,1
홍루이젠봉화산역점,1
작은공간,0
컵해즈빈(CUP HAS BEAN),1
풍차커피전문점,1
가자니아,1
제일다방,0
치쿠치쿠,1
고품격 커피공장,1
살바도르,1
쇼콜라(Shocola),1
텐핀,1
토스트&커피,1
머그,1
스타벅스 새문안로점,1
팝콘트리,0
카페비쥬(Le Cafe Bijoux),1
형지빌딩,1
GONG CHA,1
에코커피숍,1
커피프린스,1
두레다방,1
메가엠지씨커피(연신내역점),1
라푸르타(La Frutta),0
대영,1
초이,1
(주)소프트플레이코리아 마리오점,1
주현,1
Dallmayr(달마이어),0
더올리브,1
삼일다방,1
스타벅스커피 올림픽아파트점,1
할리스커피 연신내점,1
커피마마,0
이브닝커피,1
bread see(브레드씨),1
어느멋진날,1
현대다방,1
잔별,1
뜨레모아,0
카페비플러스(CAFE BE+),1
알콩달콤 커피,1
스타벅스커피공덕오거리점,1
토크빈,1
투썸플레이스,1
커피엔 ( coffee & ),0
라브리,1
브레머원두커피전문점,0
나날의행복,1
대하,0
스트릿츄러스 뉴코아강남점,1
태양,1
커피베이,1
리필커피숍,1
곽동철원두커피점,0
바로미카페,1
겟잇키키,0
약속다방,1
한일,1
(주)이앤지커피 카리부 양재점,1
커피부스,1
카롱빌리지,1
황실다방,1
쉬갈,1
아로이커피 구산역점,1
카페디오믈렛,1
다트나인 순화타워점,1
팡세,1
미리내,1
IN natural(아이엔 내추럴),0
아비야 에스프레소,1
"어느,예쁜날",1
에덴커피전문점,1
룩아워티,0
(주)카페리바노,1
글로리아진스커피구로점,1
카페&,1
파인카페,1
플레이스 원(place one),0
베브릿지 중앙대점,1
곰브라더스용산아이파크몰점,1
앰씨비,0
쥬씨 천호초교암사점,1
삼성마루까페,1
카페명상,1
Be Leaf 동네찻집,1
야카페(ya cafe),1
커피하우스그라페,1
(주)케이웰 KTF 종로프라자점,0
바나나상암DMC점,1
모이카롱,1
아인커피숍,0
스타지오,1
달콤하게,0
놀숲 강남교보타워점,1
영등포제2스포츠센터북카페,1
Cafe12(카페12),1
아성다방,1
필,0
할리스커피용산더프라임점,1
모아(moa Bird),1
토마토(TOMATO))도시락화양삼거리,1
엔제리너스 강동구청점,1
언더그라운드,1
하우스바이퀸,1
다시스 6호점,0
왈츠,1
프루스트,1
반지대학 홍대캠퍼스,1
강남 스테이(GANGNAM STAY),1
커피나무,1
커피나무,0
동네커피,1
비지프린세스,1
홈스테드커피(압구정로데오점),1
피디커피전문점,1
TEA M(티 엠),1
헬리오스,1
돌고래 날다,1
쥬씨대신시장점,0
아이원,1
에밀리,1
디초콜릿커피&종로구청점,1
990 커피점,1
할리스커피 신림사거리점,1
마시찌롱(MASIZZIRON),1
마포청소년문화의집,1
Just chu,1
투모로우,1
프레지에(fraisier),1
레트로나 파이,1
커피앤모바일,0
카페자몽(Cafe JAMONG),0
바리스타,1
디프,1
엠케이에스(MKS)행복제작소,1
카페 다다,1
숨카페,1
핸드메이드 커피,0
CAFF RICH,0
휘가로,1
금다방,1
꽃샘다방,1
리치커피,1
목마,1
동우네커피집,1
달콤 커피,1
그린커피숍,1
커피타임,1
이디야(건대스타시티2호점),1
파니모르,0
(주)마체베트 순화점,1
르호봇 (Rehoboth),1
뉴욕 앤 핫도그,1
제니스커피(ZENITHCOFFEE),0
소복,1
탐앤탐스방이역점,1
스티머스 커피라운지(STEAMERS CO,0
경기다방,1
허니스트,0
카페 쉼터,1
생활커피 발산점,1
카페가성비,1
선 에프앤비(선 F&B),1
공차현대아울렛 가산점,1
커피베이 강동구청점,1
옐로우브릭스,1
스노우맨,1
국립고궁박물관 뮤지엄숍,1
올리빈카페,1
티라레미수 명동 눈스퀘어점,1
카도르,1
쿠드크라스(Coup De Grace),1
청담음,0
커피의민족,1
스트라세,1
로비커피숍,1
카페네스카페신촌현대점,1
보넨져,0
백설공주,0
(주)카키브라운 카페구름점,1
블럭업,0
COFFEE & 365,0
하나원 병과,1
D COFFE(디커피),1
예전공간,1
카페함께하는사람들,1
강다방,0
리씨커피전문점,0
놀숲성신여대점,1
스타벅스신세계아이엔씨점,1
이디야 신림문화교점,1
커피타임,1
(주)로즈버드,1
YUN CAFE(윤카페),1
달콤커피 이태원점,1
블뤼테,0
텀브커피상수점,1
삼봉-빠,0
원커피숍,1
카페그랑NH투자증권점,1
미스에이드카페,1
민들레,1
신성,1
커피브론즈(COFFEE BRONZE),1
샵에이블록,0
더카페강남구청점,1
이디야커피목동등촌로점,1
Felice(펠리체),0
에이카페(A cafe),1
스타벅스 신압구정점,1
마이빈,0
오아시스,0
던킨도너츠목동로데오점,1
나야까페,0
클라우드아(Cloud A),1
리버웨이(라바짜),1
카페7그램,1
커피앤,1
마마제과점,1
커피내음,1
코피가야,0
경다방,1
감성커피 방화역점,1
쥬스스타노원문화의거리점,1
애니웨이(aniway),0
도우드림,1
카페7그램,0
마스터키즈쿠킹,1
카페루이스,1
커피팟,1
커피볶는또바기,1
더 체어,1
커피프롬,1
록지커피숍,1
캠프커피신정점,0
투썸플레이스 시흥사거리점,1
커피피에스타,1
할리스커피 서초마제스타시티점,1
카페베네동교중앙점,1
헬로방방,0
카페젤라또(Cafe gelato),1
팡세,1
슈바벤,1
그린,1
카페제이,0
카페오트르,1
스위트피,1
라노비아,0
리베리카,1
세라앤커피랩,1
티니워니(Tinywony),0
카페 다도(Cafe 다도),1
디카페,1
폴,1
(주)커피빈코리아 고대안암역점,1
곰발 커피,1
커피베이,1
푸티 쿠키,1
그린피스,1
울랄라커피전문점,0
폴스일레븐이대역점,0
카페엣코너,1
커피의집,0
카페니드,0
커피에그리다,1
유정,1
지젤커피전문점,1
커피베이 노원월계점,1
행복한이야기,1
(주)커피지아,0
파스쿠찌신촌연대점,1
카페커리어,0
두루두루베이비카페,0
두발로,1
코와핀,1
moon ji(문지),1
머그포래빗,1
커피 캣츠 웰,0
니도(Nido),0
그라찌에,1
커피빈코리아 동부이촌점,1
아이 오가닉 코리아,1
스토바나,0
커피베이COFFEE BAY(도림사거리점,1
(주)커피빈코리아 행사점,0
나리다방,1
씨유 상명구기점,1
카페본,1
쥬씨 미아점,1
도토루커피오스,1
베이커스 필드,1
팍스커피,1
카페다,1
태극커피숍,0
그린커피전문점,0
꼬밍(komin),1
나눔의터,1
쑤니 강남구청역점,1
(주)영우 홍익대학교매점,1
더스토리이점영(the story 2.0),0
희다방,1
요거프레소목동힐스테이트점,0
티톡커피전문점,0
커피박스,1
DROP TOP(드랍탑) 신사점,1
210 cafe roaster (210 카페 로스,0
꿈공장,1
까페세븐 빚은 왕십리점,1
버팔로,0
나진카페,0
바라온다,1
체스,0
아르쯔,1
한국커피추출연구소,1
카페썬(CAFE SUN),1
곰미커피,1
큐커피숍,1
더카페 해바라기,1
플러스,0
미스호치민퍼,1
블루리본,1
아이앤 맘,1
디자인카페,1
치어스,1
크레이지 초코 삼전점,1
스튜디오버터플라이오월비,0
블루포트 중앙대학교점,1
에피그램커피,1
엔제리너스 광장점,1
카페오리(cafe ORI),1
로지카 스터디센터,1
카페베네,1
스타벅스 명동길점,1
랜드커피숍,0
만남커피숍,1
킹콩ZOA COFFEE,1
무꾸리,0
해질무렵,0
희당,1
카카오다다,1
카페드콘서트,1
미스터브리즈커피,1
스피티(SPiTi),1
(주)진저보틀(GINGER BOTTLE),1
커피에반하다 구로디지털단지점,1
카야커피랩 CHAYAH coffee lab,0
COFFEE BROS in SEOUL,1
굿카페(Good Cafe),1
카파에스프레소,1
투썸플레이스 강남IBC점,1
빈스 사일리(beans 412),1
커피야,1
로뎀나무,0
팡세,1
공차,1
쿠벅커피,1
디아떼,1
언더커피,0
솔커피숍,0
글로리아진스커피 가산점,1
까페온,1
요거프레소(동덕여대점),1
나무그늘,0
앤타르트,1
제임스원,0
용휴게소,1
멜트커피,1
행운,1
쥬스스타,1
캡커피전문점,1
서울다방,1
컵오브커피 동소문동4가점,0
이앤티제이제이카페(E&T JJ CAFE),1
복다방,1
스타벅스아크플레이스,1
셀렉토커피 잠실아이파크점,1
그랑나랑,0
불로커피숍,0
대청토스트,0
망고차차,1
토프레소 구로구청점,1
커피전문점 DZ,1
세븐일레븐(S보문역점),1
네스까페,1
탐앤탐스 커피,1
스타벅스양재역점,1
카페뉴트리(CAFE NEW TREE),1
오직그대만,0
로코코커피숍,1
좋은아침,0
더로스터리샵 월계점,1
커피볶는중 카페김쌤,1
아가페,1
가배림,1
지샾 앤 캣츠웰,0
피터프루츠,1
달보드레,1
아이덴티티,1
커피O.S.T,1
할리스커피 마곡퀸즈파크나인점,1
로시망고본점,1
왈츠,1
꽃길,1
웨스트엔드카페(WESTEND Cafe),0
오르그닷카페,0
프레시도시,1
카페단테(Cafe Dante),1
보라매,1
이삭커피,0
세븐스 웨이브,0
리베,0
땡큐그린,1
(주)도림산업,0
샹프리커피,0
미지커피숍,0
루소랩gs강서타워점,1
이디야커피 가좌역점,1
허니 츄러스,0
카페아모렘,1
EQ커피,0
Cafe'몽,0
팜스,1
써니사이드,1
하겐다즈 강남파라곤점,1
네스카페서교점,0
빈스&멍,1
수다,1
핫도그트럭엔커피 종로북촌점,1
할리스커피(Hollys Coffee),1
할리스커피,0
루킹래징 방배점,0
티쎄븐,1
남산커피집,1
호림다방,1
웨일즈 커피 서초점,1
약속다방,1
미라보,1
스타벅스커피연희DT점,1
커피웍,1
더에스프레소(아크로빌점),0
자이브,0
이꼬르,1
담쟁이북카페,0
카페코지,0
스타트,0
마리웨일 마카롱 화곡역점,1
이삭커피숍,0
이디야 커피,1
쉼표COFFEE,1
오도레,1
스위트번스,1
카페진정성,0
동진커피숍,1
일노베커피,0
에이에스,1
풍전다방,1
카페볼드,1
가화찻집,1
말리부,1
커피가게(coffee gage),0
동현다방,1
스물하나,1
현대휴게실,1
운라전통차집,0
미래월드,1
자바존에스프레소,1
궁전,0
커피나무 교대점,1
스타벅스압구정역점,1
그라찌에,0
one week(원위크),1
베리트커피,1
커피베이마포구청역점,1
귀빈다방,0
드림스페이스(Dream Space),1
캐빈커피전문점,1
골드빈스,1
사누끼커피,1
풍전,1
비엔나,1
라 갈르리,1
거북실업(주),0
(주)커피빈코리아대학로점,1
더착한커피 연신내점,1
진다방,0
싼타나다방,1
카페봉,1
디초콜릿커피,1
컵,0
티라레미수 성수에스팩토리점,0
브레머,1
구름나무콩,1
가본커피숍,1
이마트24강서등마루점,1
단비다방,1
쉼터,1
달마이어,0
리빙워터스,1
카페 앤 더치,1
강남커피숍,1
용다방,1
티제이커피전문점,0
Cafe Noche(카페노체),0
카페큐,0
그린문 커뮤니케이션(GREEN MU:N,1
비인,0
청심,1
약속다방,1
리탐빌,0
로뎀의숲,1
플루토(PLUTO),1
와이미,0
빈스로드,0
카리부 서초삼성물산점,1
세롬,1
석굴암,0
자마이카,1
까페Jass,1
착한커피,1
공차,1
COFFee N chu(커피앤츄),0
좋은아침,1
행당휴게실,1
고슬린,1
탐앤탐스영등포역점,1
카페다커피교육센터,1
산울림,1
이스팀,1
아로이커피(응암역점),1
작은소통,1
스타벅스 대학로점,1
모노커피(mono coffee),0
베러댄와플 등촌2점,1
에띠임프리미엄라운지,1
통큰쥬스,1
닥터쥬스(DR.JUICE),1
커피앤케익,0
빽다방 가산대륭점,1
츄로비아,1
스위트밀 하이브랜드Ⅱ점,1
에스커피,0
쥬라기(JURASSIC),1
컵희,1
아트원두커피전문점,1
차한잔의팡세,1
핫플러스,1
밀림,0
르마뎅,0
이디야 커피점,1
커피온리 마포역점,0
해사랑,1
만화랜드커피숍,1
토닥토닥,1
cafe the-story(더스토리),1
사랑과기쁨,0
소호 앤 노호,1
오설록 티하우스,1
빈스토리,1
할리스커피 문정점,1
쥬씨 시흥사거리점,1
널담은공간(조인앤조인),1
커피마마,1
메카,1
커피베이증가점,1
카페플라워,1
에스키모하와이,0
누보커피숍,1
모노레일 커피,0
소극장,0
멀메이드(mermaid),1
메그리즈,0
엔제리너스,1
동행,0
튜브,0
커피에 반하다 서울교대역점,1
빙스퐁,0
대치다방,0
커피베이구의점,1
카페 일루,1
커피마스터,1
오르페오(Orfeo),1
참피온커피숍,1
445카페갤러리,1
마체베트카페 노량진점,1
루헨,0
이디야커피 당곡사거리,1
롱블랙,1
스타벅스커피당산점,1
곰다방,0
cafe. 12pm(카페. 투엘브피엠),1
더치앤빈 남부터미널점,1
다담에뜰,1
데얼즈커피(There's coffee),0
참된커피,0
다시스(20호점),1
할리스커피 누리꿈몰점,1
나무와,1
투썸플레이스(도봉보건소점),1
오픈스튜디오21,1
한일다방,1
스텔라커피(Stella Coffee),1
원정,1
엔제리너스 김포공항1층점,1
투썸플레이스 LG광화문빌딩점,1
러브매니아,1
카페블라썸,1
라메종,1
모카하라,0
골든다방,1
쉭앤칙(CHIC AND CHICK),0
TEA FOR TWO,1
코코슈카커피전문점,1
신창다방,1
스무디킹 사당파스텔시티점,1
종이컵,1
Coffee The Dream,1
플리트비체,0
폴레칸네,0
29.5,1
다시스 28호점,1
과수원,0
투썸플레이스 황학 신당역점,1
젠틀레이디컵케이크,0
ISIS COFFEE 이시스커피,1
제이디 커뮤니케이션,1
그레이(gray),1
도어즈,1
산토리니의 하루,0
비발디,1
커피24게이트,1
카페콘디토라이,1
부라우니,1
메이드인카페런던,1
휘카페,0
크리스마스자몽,1
쥬씨&차얌 양재점,1
엠프티폴더스(empty folders),1
팡세,1
천희(투썸플레이스선유도역점),1
마이빈,0
월드베브릿지,1
휘게(Hygge),1
피아노,1
더까페&윈첼,1
1one 커피가게,1
콜드스톤,1
뮤즈,1
곰다방,1
초대,0
레인이어 에스프레소,1
공차고대안암병원점,1
웨일커피,1
나사렛카페,1
판다,1
커피프렌즈,1
엠지,0
월든커피,1
데이오프(day_off),1
모나티,0
넷시,1
다다,1
스윗 스토니,1
임프레션 더 꽃,1
(주)도피오 국립국악원점,1
그레꼬,1
마리포사,1
카페파리,1
달콤커피,1
돌체라쎄라,1
고양이버스커피숍,1
이디야커피숍,1
단델리온,1
궁전다방,1
델리로티,1
아지트커피전문점,1
스타벅스동빙고점,1
커피155,1
밀탑,1
호까이도밀크팩토리,1
쁘띠카페미술관,1
곰탱이커피,1
사주공간,1
블럭아트,1
커피 스테이션 (COFFee station),1
더마실커피숍,1
중앙도서관점카페,1
카페베네,1
커피 휴,1
더착한커피 중앙대점,1
커피랑도서관 대치1호점,1
쥬씨은평역촌점,1
씨유 남서울풍림점,0
(주)공차코리아 현대압구정점,1
서대문역점,0
카페리빈(보문점),1
애드빙,0
버킷포터리(bucket pottery),0
필,0
카페오가다 문정법조타운점,1
휘니,1
져널커피숍,1
카페 케빈즈 파이,1
포트오브모카보광점,1
에빙던,0
스타벅스 스타필드코엑스몰R점,1
카페 제이홀릭(CAFE JHOLIC),1
뉴현대다방,0
모퉁이카페,1
커피만(서울역점),0
블록에듀,0
카페더퍼스트(Cafe The first),0
팡세,1
보리수다방,1
사회적기업 한국복지대학 웰,0
비젼,1
이디야월계초교점,1
달콤한순간,1
금란,1
과일나라,1
씨유 중구청점,1
목련커피숍,1
미세스히긴스서여의도점,0
라포레(Lafore^t),0
타임즈투,0
티나가든(TINAS GARDEN),1
자바씨티 대치역점,1
디리베(Die Liebe),1
위드커피숍,1
한방카페 휴,1
백조,0
피렌체,1
피카파오,1
쉴만한물가,1
제이스(J's)커피,1
쥬씨 구로구청점,1
조인커피,1
루소랩GS N타워점,1
커피사랑,0
버즈커피,1
동보,1
길다방,1
수정휴게실,1
스타일,0
씨에이치(CH)697,1
비엔나,1
필드,1
토프레소한남점,1
스타,1
애니앤 길버트,0
오빠커피,0
카페노킹온,1
이디야커피오금점,1
조고은,1
빈틈(BEANTM),1
cafe oddy(카페오디),0
비앤비,1
엘팡,1
(주)아워홈비즈카페,1
스타벅스 역삼점,1
별다방,1
피움카페,1
코지,1
엔제리너스 명동시티호텔,0
카페마노아,0
커피향기,1
LIBERO,1
버드,1
커피빈코리아압구정현대점,1
백년전,1
위드(With),1
커피공장,1
카페예담,0
상설무대우리소리,1
투썸플레이스 상암E&M점,1
(주)커피빈코리아 이수역방주교회,1
브로스,1
센트럴시티커피숍,0
스타벅스커피여의도IFC,1
꼬인,1
나비(NAVI)에스프레소,1
오~방가,1
행복한이야기,1
엠앤엠(M&M),1
스마일맨커피(smile man coffee),0
베러댄와플 마곡점,1
커피빈코리아,0
커피방,1
커피베이(청담역점),1
플라워앤,1
제퍼(ZEPHYR) 커피전문점,1
자로와커피숍,1
그라찌에,0
싱그러움,1
갤러리 아르체,1
쎄렌체,0
황금다방,0
달꿀농장,0
페이퍼이야기압구정점,0
카페 희다,0
이루푸드(HM커피),1
대박다방 착한쥬스,1
커피식스,1
손끝세상,1
메디코아,1
청림다방,1
커피베이성북길음점(Coffee Bay),1
위드커피,1
카페필림,1
파스쿠치 이수역점,1
미스터커피양재언남점,1
산타모아,1
에스쁘아커피,1
지엠유,0
커피타임(COFFEE TIME),0
자연과학관점카페,0
행운커피숍,1
새벽1시19분,1
카페노마드,1
까치,1
성락다방,1
프레소 커피디자이너,1
스치브카페,1
아자부 롯데캐슬프라자 잠실점,0
아레나피씨,0
라파누이,1
이디야,1
까망콩,0
The order(디오더),1
커피버스,0
동원다방,1
올리버하우스,1
젬스커피,1
달달한오후,1
세븐시즌,1
카페드파리,1
리틀제이콥스,1
카페 엘로시오,1
(주)보나비 아티제 지에프씨(GFC),1
우즈오븐(woods oven),1
안젤로,1
이디야,1
카페마들렌카,1
약속다방,1
올 소울스,1
GS25,1
커피베이 송파방이점,1
제이미커피,1
푸른녹즙센터,0
나무와인(人),1
샘터다방,1
손스커피(Son's Coffee),1
꽃다방,0
봉구스밥버거여의도중앙점,1
아로마,0
스타벅스 경희대점,1
봉봉456,0
블랙라인커피 노원역점,1
백두강산,1
몬스터브레드50플러스센터점,1
가든,1
대성휴게실,0
후지야,1
빈스빈스커피 이대점,1
홈런다방,0
레드카페,1
엘리스 1871,0
다-크  커피전문점,1
유래,0
커피 맬러드,0
까만콩나무,0
카페마이바움,1
위드커피,1
할리에프앤디,1
(주)보나비 아티제 서초2점,1
마시그래이경희대점,1
마카다커피,1
아이러브츄 천호점,0
엘케이디자인컴퍼니,0
미니스톱수유점,1
예다실,1
카페 마요,1
훕스(HUFS)동문커피,1
초란다방,1
로즈다방,1
매머드익스프레스(MAMMOTH EXPRES,1
요거트앤볼,0
블랙리퍼블릭,1
마지느와커피전문점,0
클럽화양점,0
카페(CAFE)113,1
제스터스 노량진점,0
휠링,1
망고식스디큐브시티점,1
플러스.유,1
리에또,1
투썸플레이스,1
서울에서첫번째로잘하는전통찻집,0
까페럭스,1
폴링,1
스타벅스커피 목동7단지점,1
카페스트라쎄,0
행운다방,0
에스프레소 앨리(Espresso Alley),1
커피식스쥬스식스상도역점,1
신사다방,0
티라레돌체(Tirare Dolce),0
디어무이,1
내츄럴커피타임,1
매머드커피 한티역점(122호),1
커피향기,1
1993주얼리,1
주커피 명동눈스퀘어점,1
세븐일레븐 광산사거리점,0
카페리바트스타일,1
스타홈즈,1
달콤커피,1
프리죤커피전문점,1
오멘사,0
우리다방,1
대영,1
그린라이트 브이알씨씨,0
플로블랑,0
포시즌휘트니스,1
스타벅스 아크로힐스 논현,1
수애뇨 339,1
하카롱,1
만랩커피 서초교대점,1
이디야,1
서울다방,0
마리,1
리싸이클시티,0
홍다방,0
커피베이 강서염창점,1
사계,0
스타벅스커피 교대법원점,1
육미분식,1
가이아,0
우리동네 미미네,1
커피에반하다,1
테이크아웃샵,1
건강을담다,1
카페쁘띠(cafe petit),1
가야커피숍,1
GS25 포스탈광화문점,0
알투스아트,1
장평교,1
반다,1
드모아젤,0
빈앤밀(Bean and Meal),1
고메이랩,1
벨스킨카페,1
모나코 플라워,1
280커피로스터스,1
쥬씨 종로구청점,1
9카페,0
사카,0
하나미즈키,1
티즈,1
부르나일(BlueNile),1
하와 유,1
여백의 미학,1
유오디아,1
행복이가득한커피나무,1
안녕하세요,1
코프맨,0
피노키오,1
법원커피숍,1
제노,1
나래,1
중앙다방,1
키노,1
마카다커피,1
오싯또,1
놀숲 성균관대점,1
유즈(USE),1
매머드 익스프레스 시청점,1
약속 다방,1
삼성웰스토리(주)커피앤(GEC),1
세양다방,1
브레머노원점,1
초콜릿아트,1
(주)공차,0
카페베네목동파리공원점,1
파라페,1
커피 팔라쪼,1
베네피트 신촌점,1
마고스 서울동대문점,0
보라크레페,1
언니커피,1
카페담,1
커피밥(COFFEE BOB),1
파크 카페,1
Coffee Amico,1
어스담,1
오토,0
신세계,1
토프레소 염창점,1
뮤랭,0
에스빠스,0
나이스데이(신림점),1
쉼,1
cafe279,1
시카,1
봉주르,1
LODGE201(롯지이공일),1
포트오브모카 장안2호점,1
리라커피,1
프레즐데이,1
스타벅스 강남교보타워R점,1
한울다방,1
화이트볼,1
오설록 티하우스 시그니쳐타워점,1
어울샘,1
그루브83(GROOVE83),1
클릭,1
마체베트 디큐브시티점,1
유별난떡볶기,1
어닝서프라이즈 청담테라스,1
투웬티원,1
(주)온바로 아이조아점,1
이디야 길동중앙점,1
부스갤러리(Booth gallery),0
쥬씨 굽은다리역점,1
라떼킹 낙성대점,1
해피앤러브(Happy&Love),1
서울분식,0
키스더티라미수,1
필링카롱,1
둥지다방,1
이디야 신림 신원점,1
그린,1
(주) 커피빈코리아 종각역점,1
로띠번,0
사랑깊은약속,1
(주)농업법인쿱스토어 강남대치점,1
카페 다디오 혜화점,1
로뎀카페,1
위코브(weekof),1
빽다방,1
투썸플레이스 삼성역점,1
(주)씨큐브,1
비비민트디저트카페,1
(주)글로리아진스커피코리아,1
퓨엘앳센티넬IFC(Fuel at sentine,1
정다방,1
달콤한 나의커피,1
토르토니,0
투썸플레이스,1
쇼콜라봉봉(Chocolat BonBon),1
카페 보니브라운,1
스타벅스 구산역점,1
카페제이,1
모카도르,1
오후2시,1
커피하우스,1
우암,1
커피하우스포이슨,1
탐엔탐스,1
스타일,1
비에스마르첼로 메트로타워점,1
에이프릴,1
이(e) 편한식당,1
코피 발리,1
민카페,1
브레머커피전문점,0
제일,1
비알코리아(주)던킨도너츠남현점,1
브르쉘커피숍,1
베스트커피,0
핑크터치,0
콰스타커피,0
이스트 덜 위치,1
고다방 대치점,0
팡팡,1
수성,1
카페라온꿈,1
요거프레소 공항다솔점,1
알콩달콩커피콩,1
초원,1
스타벅스 W-Mall점,1
난커피숍,1
Cafe Hi Jenny(카페하이제니),1
파스쿠찌목동점,1
리스트레또(RISTRETTO),0
만랩커피 덕수궁롯데캐슬점,1
쑤앤쑤,1
그립지카페,1
베리우스,0
예수벗들,1
정릉동 350-1,1
한성다방,0
두루,1
카페7그램 역삼역점,1
(주)포엘디 카페베네 케레스타점,1
핸디엄,1
다이아나커피숍,0
도투루원두커피전문점,1
영다방,1
에코,0
가든,1
까페 어스,1
아자부,0
삼성동커피볶는집 페르마타,0
쏘 (Sso),0
아나카페,1
청천카페,0
엔젤리너스커피,1
CJFS상명대밀레니엄,1
ART MAJOR(아트 메이저),1
파스쿠찌역삼솔로몬점,1
리얼리티리플렉션(주),0
우영,1
발리,1
헤즐럿,0
(주)레번코리아,1
나인카페(9 cafe),1
혼자두면장판뜯어서차린개카페,1
스무디킹 강남메가박스점,1
카페드리브(CAFE DELIV),1
더레드노즈,1
카페IMT,1
어머니민토,0
기적의 카페,0
(주)동서헤르젠명동점,1
이지블럭,1
플라워관광호텔커피숍,1
토마토원두커피전문점,1
진커피숍,0
suga(수가),1
밀러,0
퍼스트에잇,1
클라이드힐,0
위드(with),1
NJ Park(엔제이파크),1
이오의 아침,1
메델리노,1
플레임,0
더 착한커피 양천향교점,1
커피마마,1
오설록 현대백화점무역점,1
휴식카페마실,1
카페브링,1
망고식스,0
매머드익스프레스영등포우체국점,1
티피이서울 현대 코엑스점,1
제주스,0
고다방(godabang),1
이벳,0
버블톡 서강대점,1
샌드커피논탄토(Sandcoffee Nonta,1
청우다방,1
한국법무보호복지공단 허그샵,1
전철다방,1
엘빈,1
ZOO 커피,0
이디야커피 한성대역점,1
샐리와머피,1
프롬하츠커피앤베이커리용두점,1
커피랑쥬스건대역점,1
cafe yo(카페요),1
공차,1
ROASTING POINT(로스팅포인트),1
메이저,1
스위트밀,0
샤갈,0
추카,1
베세베제,0
메종 드 떼(maison de the),1
파랑가 by 콩두,1
더블에이치,1
소호,1
"안녕,도화동.",1
멜로즈과자점,1
세잔,0
파스쿠찌용산아이파크몰점,1
이디야커피목동남부점,1
(주)커피빈코리아대치은마점,1
수란다방,1
옥산커피숍,1
빽다방,1
달숲,1
베네 염창역점,1
카페피티,1
네스카페,1
스위티,1
커피다,0
코지커피숍,1
공간사랑마을,1
쟈뎅커피타운,1
워너커피,1
배스킨라빈스방학사거리점,1
쏠레이,0
상유경,1
아이스베리,1
갤러리 전통찻집,1
무악커피하우스,0
배스킨라빈스 서울대입구역점,1
데일리브라운,1
카페이룸(Cafe IROOOM),1
아티초코,1
카페일노베,0
cafe 라이스,1
밀크마켓,1
셀렉토커피 강동와이시티점,1
(주)후니드티까페 ((주)후니드 T,0
이야기(eyagi),1
엄지다방,1
폰드플라자,0
가배,0
디팍스카페,0
폴링,0
이야기 꽃피는 커피집,1
리베리카,0
풍뎅이,1
GREEN BEE(그린비),1
1004,1
보리수다방,1
#52랩,0
프라빈커피역삼4호점,1
마이빈,0
퓨(PUR),1
꼬리(kkori),0
플앤티,1
파스쿠찌 숭실대점,1
코끼리 콩물,1
제이커피(J coffee),1
선(take out),1
니즈커피(NEEDS COFFEE),0
비니웨이,0
메그니피센트,1
킹스빈커피,1
쉐프조,1
다스,1
플라,1
카페아이픽스존(caffe ifixzone),0
(주)씨앤지풀서비스 흥국제선점,1
카페리아,1
커피니 이촌역점,1
엘피스2,1
길목,1
빈커피전문점,1
스타벅스 을지로내외빌딩R점,1
행복플러스가게,1
헝그리제니,1
COFFEE BY SOO (커피 바이 수),1
(주)리빈코리아,0
요거프레소 망우1호점,1
팡세,0
옥다방,1
보카(BOKA),1
0시다방,1
블랙커피(BLACK COFFEE),0
미미,0
그라찌에,1
카페온(ON),0
진다방,1
보뇌르플루,1
카페핑크데이지,1
방배다방,1
티티카카,0
카페컴온,1
커피슈랑스,1
원다방,1
갤러리커피전문점,1
행복카페하늘,0
할리스커피보라매역점,1
베러스위트,1
카사 자밀라,1
약속커피숍,1
예스커피전문점,1
오시정(5cijung),0
어게인,0
커피스미스 노원롯데,1
더그라인드,1
커피클럽,1
커피아일랜드 (Coffee Island),1
비비엘프로젝트,1
할리스커피 낙성대역점,1
커피스미스 선릉점,0
랑데뷰,1
커피빈 행사장A,0
샘터커피전문점,1
글로벌라운지커피점,1
커피감,1
그카페,0
붐베이직,0
쥬씨(강남대로CGV점),1
수한,1
THE CAFE SHEENBANG(더카페 신방),1
로켓커피,1
토프레소신목중학교점,1
피렌체,1
(주)제이디라팡,1
홈이디저트,1
커피마을,1
삼거리다방,1
자마이카염소,1
스타벅스 석촌역,1
홍삼촌,1
(주)텀브커피여의도KBS점,0
카페놀다,1
파이브투고,1
카페동희,0
엘름커피하우스,1
스웨이하우스,0
카페라로,1
투썸플레이스 강동역점,1
커피메소딕(COFFEE METHODIC),1
모노커피(mono coffee),1
콩블랑제리,1
Broom Tree,1
"케익앤커피(cake & coffee, mom's",0
노리터,1
진,1
나해,0
라시쓰커피(lasis),1
카페베네신사점,1
겜지노,1
커피베이 용두점,1
페스티나렌떼2점,1
윤석,0
CAFFE ILLYNO(카페 일리노),1
탐앤탐스 강서구청사거리점,1
위드모리With morrie,1
아차해커피하우스,1
미스터커피,1
89헤르츠(89HZ),0
카페모넬린,1
프렌테(frente!),1
위드,1
가온누리,1
해피니스,1
카페831(CAFE 831),0
있소커피,1
카페 따라주,0
황진이,1
카페클라우즈,1
왕비다방,1
라벤다,1
Coffee zip,1
코나베리(KONA BERRY),0
C four(씨포) 문정점,1
티팩토리,1
커피723,1
타임스 빈,0
경성팥집옥루몽목동점,1
영신사랑카페,1
카페포트(Cafeport),1
약속커피숖,1
카페어스,1
앤티크커피(AntiqueCoffee),1
메이슨드기기합정교보문고점(Mais,1
바람쐬다,1
구스토,1
대우다방,0
브레모커피숍,1
마이쥬스 강남점,1
공차,1
창가이야기,1
디자인키즈,1
(주)코데즈컴바인,1
참한커피,1
스페셜티,0
카페모자익,1
유동,1
(주)커피빈코리아 반포엘루체점,1
리카스,1
라스트스탑,0
블리스,1
스테이션,1
(주)아워홈역전점,1
뉴서울커피숍,0
배리하우스,1
파워라이드,1
코리아커피숍,0
카레클린트,1
(주)카페베네홍대점,0
할리스커피 마포역점,1
쥬히어로,1
다솜이야기,1
커피택,1
COFFEE다,1
크리스마스자몽 광운대점,1
커피라인,1
CAFE She 子(카페쉬자),1
나나다방,1
까페띠아모 고대중앙광장점,1
(주)커피빈코리아 명동중앙점,1
카페글렌공덕점,1
홍반장커피 구로점,1
나그랑,0
(주)커피빈코리아 외대앞점,1
대월,0
이디야,1
커피하이,0
꼬빠(COPPA),1
커피클럽,0
이디야강동구청점,1
빈터커피로스터스,1
코지,0
엔제리너스 강서아이파크점,1
오렌지나라,1
빈스토리,1
루하커피,1
삼원다방,0
랑꼬뉴(Linconnu),1
엔제리너스 강남역사거리,1
동양,1
카페 뻬르노이,1
빽다방 성수역롯데캐슬점,1
맥심커피숍,1
앨리커피,1
까치다방,0
Emil's,1
토라넘버원커피(TOLA NO.1 COFFEE,1
에쿠스바,1
라카룸,1
나목,0
달콤커피 뱅뱅사거리점,1
갓인어컵,0
Coffee Lounge 55,1
삼오,1
디저트콩콩,1
스타벅스신정DT점,1
COFFEE10그램,1
KCU 카페,0
야고비네,1
Do Do 카페,1
더폼,1
카페 두다트 구로디지털점,1
카페어나더,1
카페멍스,1
브런치업(Brunch Up),0
코드웍스(CODE WORKS),0
홍's coffee(홍스커피),1
까몽,0
(주)산자락,0
프로포즈,1
카페 포모나,1
목마다방,1
따스한차한잔,1
엄지다방,1
(주)커피빈코리아 하나은행경복궁,1
(주)영우 롯데미아점,1
시티커피,1
에스프레소 인 뉴욕,1
커피베이 구로월드아파트점,1
스위트 번스,0
궁골약차방,1
빽다방-마곡역GMG점,1
Cafe S(카페에스),0
맘스커피하우스,1
뉴욕샌드위치,1
북카페일러스트(BOOK CAFE ILLUST,1
도톨이 커피(Dotory Coffee),1
지하철커피숍,1
앨리스,1
비트,0
세레스,0
전농관점카페,1
앙상블,1
샘물다방,1
카페마루,1
쥬씨,1
더로비(The lobby),1
cafe ciena(시에나),1
탐앤탐스 서울고사거리점,1
더홈카페풀리풀리,1
쎄잠(sesame),1
카페지기,0
샐러드에브리웨어,1
알프스베이커리,1
프라임,0
커피산책,0
까페 디 바세,1
패션5 제이미하우스,1
커피베이강북수유점,1
마이크로,1
롯데푸드(주) 롯데백화점 잠실점(,1
풀잎다방,1
앤탑PC방,0
다래원,0
비키스 쿠키,1
커피코트 순화동더샵점,1
더보니,1
보떼가 젤라또,1
태양다방,1
에스엠글로벌상사,1
카페슈크르,1
동심,1
주)트리플크라운강서점,0
로즈버드 순천향대학교병원,1
팡세,1
카페아이엠티마포아크로타워점,1
동명다방,1
비틀주스,1
커멍,1
쏭커피,1
프라우스타,1
(주)커피빈코리아,0
퍼블커피(publ coffee),1
카페 BLACK BEAN(블랙빈),0
티하임,1
카페토스피아 은천초교점,1
스튜디오27,1
우리동네 카페,0
땡모빤 3-3,1
콜롬비아 커피전문점,0
브라운벨벳,0
할리스커피 반포점,1
한스커피숍,1
리베라,1
지노,1
조앤더주스 목동점,1
동네카페,0
원두커피전문점까르마,1
앤티앤스 라붐아울렛,1
맥카페(MAC-CAFE),1
태양다방,1
십팔그램,1
세븐일레븐 마곡캐슬파크점,0
퐁당(fondant),1
정다방,1
주식회사 마인메디컬그룹,1
폴바셋 양재점,0
까페 블레싱,1
안녕 콩이,1
잉카,1
시커피숍,1
헬로우미스터.아메리카노(Hello M,1
CU마포대운점,1
디어마이플라워,1
스콘&와플,1
커피빈코리아청담에스점,1
"커피,한송이",1
카페브러리에어,1
플리즈커피 추계예대점,1
할리스커피 서초점,1
올코코,1
ee mobile,1
(주)펀펀케이아이디에스,1
카페 컵(CUP),0
베브릿지성신여대점,1
신성,0
위트러스트커피 게이샤랩,1
에피파니,0
darpisode 달피소드,0
미르,0
원더박스 송파점,1
대림커피숖,1
커피디자인,1
란커피숍,1
쟈뎅커피타운혜화역점,1
경일커피숖,1
이즈니생메르,1
공차트윈시티점,1
5월 5일,0
체스커피점,0
노란코끼리커피로스터스,1
장미커피숍,1
래빗,1
과일나라,1
스타벅스 커피 청담점,1
지유명차수서점,1
베네또,0
모카도르,1
카페 리코(Cafe' Ricco),1
요거프레소 응암오거리점,1
(주)위드이엔지,1
14번가3호점,1
커피스토리,0
해피하우스,1
"cafe, 끌림",0
전원,1
할리스강남구청점,1
명진다방,1
고요,0
맥카이,1
cafeV 카페브이,1
카페소고(2호점),1
정담다방,1
할리스커피 도곡로점,1
카페 락앤락,1
드림카페타운,1
에이에프히치콕,1
카페웨이브&델리,1
쟈우스(JAUSE),1
(주)커피빈코리아국기원사거리점,1
스타벅스 커피 가산그레이트,1
소풍가는날,1
카페라떼르,1
명동커피숍,1
이디야,1
The 드림,1
골드마운틴,1
커피지원(COFFEE G1),1
빈스앤베리즈 디큐브시티점,1
동아리커피숍,1
나른한순간 Idle moments,1
가루공방,1
셀렉토커피(등촌점),1
베네마포용강팰리스점,1
동병상련,0
영다방,1
이디야 총신대점,1
젤라리소(Gelariso)여의도수정점,1
서촌 과자집,1
해바라기,1
카페라떼르,0
다모아다방,1
바오밥나무 여성미래센터점,1
금강다방,1
브릭스(BRICKS),1
세븐일레븐 성수공단점,1
조샌드위치,1
커피쿨러 관악구청점,1
늘봄카페 2호점,1
홀릭,1
프롬플랜츠,1
커피하루,1
에찌,0
더치 앤 빈,1
백곰,1
카페루앤비(암사점),1
CAFE IMC (카페 아이엠씨),1
더베란다,1
고고스 단팥빵,1
워너비플라워카페,0
럭키커피숍,0
탐앤탐스 탐스커버리 서초점,1
노엘,1
에프.비.아이,1
트윈컵커피(twin cup coffe),1
순수치킨답십리점,1
less is more(레스 이즈 모어) 서,0
커피제스트,1
커피 뿅,0
파스쿠찌용산더센트럴점,1
써니사이드키친,1
할리스(가맹)응암점,1
커피드로잉,1
투썸플레이스영등포구청역점,1
장미커피숍,0
에쯔,1
학다방,1
금방석,0
헐리스커피선릉역점,1
커피앤디자인,0
에스시티 스터디카페 협동조합,1
폴링,0
세컨드컵,1
커피니(선릉디오데카),1
뺑비오 까페(Painbio cafe),1
CJFS상명대 학생관,1
커피에비뉴(Coffe Avenue),1
카페아트,1
커피 홀릭,1
명동커피,1
약속다방,1
강정이넘치는집,1
카페오,1
타르타르목동점,1
공차 NC강남점,0
에스프레소 진,0
매머드 익스프레스 동국대점,1
소풍,1
구(9)카페 역삼3호점,1
샤델리1991,1
보리수다방,1
커피앤드,0
와우 디비디,1
수경다방,1
그랜드카페,1
언차일드,1
까페 띠아모,1
미스터 디저트,1
보영스분나(Boyoung's Bunna),0
르뱅베이커리,0
동숭동커피,1
생각해보자,1
디앤비,1
스타벅스커피 도곡역점,1
풍경찻집,1
예랑,1
피에타,1
비사이드주스 강남NO점,0
커피 팟,1
이디야커피 구로코오롱점,1
더 보바타임,1
에브리커피,1
포세이돈,1
요거프레소 용산리첸시아점,1
행복플러스가게,1
커피베이 신상도점,0
엣소커피(Esso Coffee),0
스페셜티스,1
클라우드카페CLOUD CAFE,1
(주)카시나 아카디움,1
잇츠어바웃(It's about),1
커피마켓어스,1
삼성에버랜드(주)강남구청 웰스토,1
에프트윈스(F-Twins),0
카페드비바,1
카페더레드,1
동신상사(그랑주),1
스몰카페,0
바리스타폴 커피칸타타,1
스위트번스,1
빽다방망원시장점,1
카페아띠,1
크로바다방,1
부자커피,0
다란다방,1
아인슈베나사러가점,1
산타카페,1
피자애n카페 약수역점,0
봉봉카페,0
THANK YOU COFFEE(땡큐커피),0
사주채널,0
커피나무(Coffee Tree),1
스타벅스대치역점,1
르아죠,1
프럼커피전문점,0
사카,0
패기파이 천호역점,1
포티올리,1
계동107,1
숨&쉼 커피(coffee),1
LILT(릴트),1
약수터,1
글림커피,0
커피홀릭,1
커피아이디아(COFFEE IDEA),1
H the 커피,0
트루 커피,1
까페,1
스타벅스국기원점,1
숙다방,1
EDIYA COFFEE(이디야커피),1
그린트리,1
밀라노원두커피전문점,1
MMTH 양재시민의 숲,1
오픈다방,0
산호,0
이화다방,1
CUCINA(쿠치나),1
커피베이 대학로점,1
공차 영풍문고종로점,1
예향,1
아인슈베나,0
콩스카페,1
버블얌,0
데니스신길동점,1
카페29,1
더마실카페,1
카페 프리마,1
로티 팜스,1
라르고,1
스타벅스 반포역점,1
커인스 컴퍼니(Cuins Company),1
달빚공장,0
빈스토리(Bean Story),0
체스,1
어라운드더코너,1
작은카페,0
드림스페이스,1
모히또바 인 오션,0
커피를부탁해,1
카페오후(CAFE AFTERNOON),1
스페셜커피넘버원(No.1),1
아르토스,1
샤인 커피숍,1
청자다방,1
카페라부에노,1
베네커피,1
커피역,1
아다모 coffee,1
금방석다방,1
까페히로,0
에스오오피,0
브레머,0
커피벨,1
디스이즈커피 현대백화점신촌점,0
커피브레이크(Coffee Break),1
와플에숍(까치산역점),1
커피향,1
Star Espresso (스타에스프레소),1
커피베이(사과나무),0
사랑,1
더라이프갤러리(THELIFEGALLERY),0
카페코지스,1
카페마마스 미니 현대 압구정점,0
나무아래커피작업실,1
요거프레소,1
다들,1
에보원(EVO1)카페,1
로티보이 명동점,0
까사젬,0
커피베이,1
몽커피,0
이디야회기역점,1
통큰쥬스,0
(주)커피빈코리아 행사점,0
커피 플로우(COFFEE FLOW),1
샹파뉴,0
커피에반하다마포공덕점,0
커피 죤(Coffee Zone),1
제일다방,1
엑소엑소,1
하루,1
필로커피,1
커피숍(Coffee Shop),0
휴대폰 & COFFEE,1
"뉴욕커피, 핫도그",1
CAFEARTLIRESHOP,1
안전지대스타마켓,0
코레일관광개발(주)용산역점,1
커피빈아셈점,1
하므케이크,1
계단꽃커피,1
카페인선유,1
성원커피숍,1
금다방,1
보니떼,1
(주)리빈코리아,0
스타벅스논현힐탑,1
(주)보성커머스 몰빵 신도림역점,1
카페다담,1
바빈스커피문래점,1
한일,1
아다지오,0
느린날의오후,0
6월(유월),0
스타벅스커피 역삼대로점,1
이디야커피,1
스타벅스 신세계본점 5F,1
남탕매점,1
탑스커피숍,1
색의숲 창의 인성연구소,1
카페엘림,1
다윈,1
(주)커피빈코리아 연대동문회관점,1
키위아나 카페&베이커리,1
금성다방,1
달콤커피 명지대점,1
방아지기,1
카페나무,1
365CHA,1
파란달의 커피볶는집,1
(주) 휴먼앤 모터스 (커피위드),1
Kid's english book coffee,1
(주)커피지아 카페1호점,1
반색,1
엔젤리너스롯데잠실EXP점,1
카페테라스,1
프랜드리,1
쉼표(Shym Pyo),1
오늘의커피,1
나뚜루(Natuur),0
약속찻집,1
뜨레모아,1
카페오키,1
PLE(플),1
이디야 남현홈플러스점,1
커피정거장,1
곰달래다방,1
Ph.D(피에이치디),1
씨키스,1
커피뱅크,1
아마토(AMATOR),1
할리,0
CAFE FLAT(카페 플렛),1
ing&T,0
베리트,1
투썸플레이스영등포시장사거리점,1
파스쿠찌 연세우리라운지점,1
스웨이하우스,0
카작자양점,1
님프,1
라온제나,1
커피나무신상도점,1
약속,1
강아지똥,1
"역촌동, 카페",1
밥앤덕스(BoB &amp; Dogs),1
메카커피전문점,1
양과자상점,1
데이지공방 카페,0
셀렉토커피전문점정릉점,1
그리니스다방,1
거상,1
Cafe-Carotte(카페카럿),1
사카종로2가점,1
하얀색커피,0
엑스포다방,1
카페에스비(cafe de sb),1
호,0
포트 캔 커피,1
카페그란데(CAFE GRANDE),0
개편한세상,1
세렌디피티(serendipity),1
델리파크,1
폴링원두커피전문점a,1
코디,1
프리모,1
(주)주커피,1
김경수의 팥&커피,1
모도루다방(MODORU DABANG),0
썬다방,0
팡세커피전문점,1
(주)카페일상,0
샤갈에눈내리는마을여의점,1
로뎅커피전문점,1
라이네쎄 플라워카페,1
앤드,1
비올레타,1
카페레스트리,1
(주)롯데리아자바가산점,1
커피여행,1
샤갈,0
쥬스식스 수서역점,1
티티카카,0
미라보관광호텔커피숍,1
Coffe 소,1
바른강정연구소(수수),1
GS25내 구로연지점,1
크리미티,1
카페엔느,0
마이시클,0
삼두다방,1
쟈댕,1
토프레소 상계3동점,1
카페마로니에,1
익스큐즈미,1
더카페이수점,1
샌드랑,0
현대다방,1
클라우드9 커피점,0
네스카페(문정로데오점),1
볼레로,0
슈슈(chouchou),1
커피랑도서관 잠실나루점,1
갤러리로아(Gallery LOA),0
리하우스카페,0
커피0415,1
해피앤러브(Happy&Love),1
약속다방,1
커피나무,1
초코와커피,1
카페 아가바띠,1
카페베리(CAFE VERY),1
씨리얼브라더스(Cereal brothers),0
하트커피숍,1
영다방,1
오렌지티,1
망상주파수,1
쑤기커피앤토스트,1
칼브 바리스타(culb barista),1
스타벅스올림픽공원점,1
아셈스넥,0
코어커피,0
GS25 서대문디오빌,1
33미리미터,1
커피콩방,1
J.J커피숍,0
더위치(The Witch),1
에스카페,1
에이플러스,1
커피빈코리아 신사점,1
더치앤빈커피,1
타피오스 커피 브루어(Tapios Cof,1
아더 커피(Arthur coffee),1
커피나무(커피트리),1
온즈코코(ONZCOCO),1
커피앤샌드,1
웨어하우스,0
카페 톡톡,1
라운지 93(LOUNGE 93),0
길목다방,1
씨티즌 커피(Citizen Coffee),0
(주)커피빈코리아 서초뱅뱅사거리,1
이투피플,1
미트프레쉬MEET FRESH,1
에소세,1
카페 피렌체,0
뮤직시티,1
까페 띠아모,1
마이빈,0
두루,1
카페인파리(Cafe in paris),1
귀빈,1
프로라티,0
팡세,1
까페꽃집,1
삼백커피,0
에스바스,1
까페띠아모,1
굿모닝투어스,1
카페 인,1
중앙다방,1
(주)커피빈코리아 종로YMCA점,1
카페리베로,1
설빙 서울대입구역점,1
카페그랑 LG서초점 휴게음식점,1
커피이야기,0
롤링핀 잠실점,0
할리스커피 종로본점,1
카페따라주,0
대명커피숖,1
길다방,1
에스아이디티(SIDT),0
한가람,1
거상,0
닥터쥬스 신림점,1
마리웨일마카롱 봉천현대시장점,1
루디아까페,0
공감소통,1
타짜도로 청담,0
몬스터컵케이크,1
카페레이니데이,1
압구정로데오 공차,1
커피스토리,1
커피빌(coffee vill),1
띠아모,1
공차 W몰점,1
브라질커피숍,1
퀸즈커피,0
오쎄,1
타셴,1
바란초,1
커피집 양재에이티점(COFFEE ZIP),1
리베,1
작은카페,1
지안동그랑,1
아트 하우스(ART HOUSE),1
두콩상회,1
마우스필커피로스팅하우스,1
소풍,1
커피니 청담점,1
카페크레타,0
카페뒤노(CAFE DU NORD),0
빈스빈스(압구정갤러리아점),1
고메베이글,1
엔제리너스커피 이대점,1
하임스(HAIMS),1
(주)커피빈코리아 현대자동차성내,1
꼬망세,1
공부카페다행,1
전광수 커피하우스,0
커피인뉴욕,0
발해상인(오투오카페),0
누아네(NOIR NE),0
커피에 설레다,1
샌프란시스코 플라워,1
이디야,1
시비시,1
독서당 인문아카데미센터 북카페,1
키세키,1
나를위한꽃차,1
봉구스 밥버거,1
이디야(도봉중앙점),1
휘카페노원,0
롯데컬쳐웍스(주)롯데시네마 김포,1
하얀돌커피숍,1
커피나무,1
아리스타커피,1
파스쿠찌 선릉역점,1
쟈마이카,1
카페에덴(Eden),1
빈브라더스,1
보스톤커피 코리아,1
The Cafe,0
가야다방,1
메카원두커피전문점,1
맥널티,1
Laila(라일라),1
요거 프레소,1
청아다방,1
코피발리,0
봄다방,1
검과흙손,1
석포정,1
페어트레이드 카페,1
카페 수에르떼(Cafe Suerte),1
커피파는사진관,1
커피소녀,1
돔보,0
Art of coffee,1
언뜻가게,0
마노(MANO),1
타르트 팜,1
애반,0
서아이디야,1
카페따라주,0
요거프레소 화곡점,1
야경,0
하나로커피타임,1
(주)아셈플라워랜드,1
이디야 홍제점,1
머니뭐니커피숍,0
비바 브라질,0
L.A.커피솝,1
솔,1
필드,1
오이스터,1
다락방,1
그린빈,0
나랑커피숍,1
오배,1
스타벅스 가양역점,1
그린빈,1
느긋,1
커피파티,1
비나 VINA,1
슈퍼보드,1
커피브릭스,1
삼성커피숍,1
훼이스,1
피크닉,0
카페조이어스,1
사카,1
원웨이,1
아지트,1
엔젤앤빈스커피,1
작은도시,0
카페 덤,1
삼원커피숍,0
스타벅스강남II점,1
토프레소장안평점,1
비올즈,1
주스탐델리,1
엠케이세븐,0
섬섬옥수,1
스위트번스,1
오빌리아드앤카페(Oh billiard&ca,0
아트,0
미님,1
coffee annabell(커피아나벨),1
밀키올리,0
엔제리너스 교대점,1
이디야커피 마곡수명산점,1
대원다방,1
티라레미수홍대본점(TIRAREMISU),1
달달후레쉬,1
초록,1
커피나무,1
포우어(pour),0
들소,0
화궁,1
세이,1
백미당IFC몰점,1
카페제이,0
롤성북점,1
카페판다,1
니키커피숍,0
올유니드 면목점,0
블랙앤브라운 을지로점,1
대지다방,1
슬로우커피(SLOW COFFEE),1
바실레이아쇼콜라,1
경성999,1
아바론,0
카페야킨,1
엔아이아이(NII&THINKCOFFEE),0
이디아 커피,1
웰런커피,1
로리커피(Rori 커피),1
위캔카페,1
미엘갸또,0
탐앤탐스 홍제역점,1
마을북카페 행복한이야기,1
COFFEE O(커피 오),1
베리프레쉬 마곡점,1
데이지,1
밀키요 서초,1
웨지우드커피숍,1
(주)커피빈코리아 행사점,0
스타벅스 역삼역점,1
더 커피,1
(주)우리컴앤플라워,1
커피뿅,1
올리브,0
해성커피숍,1
공리커피,1
카페드홀릭,1
종점다방,1
로타리다방,1
아마제,0
플러스91,0
파비오,0
가나,1
버디커피전문점,1
커피베이(강서마곡점),1
캠토명일점,1
그루터기,0
모노드블랑,1
칠성다방,0
커피비너리,1
카페벤(CAFE BAN),1
카페 리오 비,1
마농,0
주스식스 금천독산로점,1
우노,1
커피제인,1
오늘성수맑음,1
알파하우스,1
피자벨,1
카페베네 청담영동점,1
커피플,1
폴 바셋 뉴코아강남점,1
윤카페,1
별의별다방,1
커피집,1
폴링커피전문점,1
(주)커피빈코리아강서그랜드 아이,1
로망스커피숍,0
치마부에,0
만남다방,1
아모르,0
이탈리코,1
실버찻집,1
coffeestyle(커피스타일),1
스타벅스 홍대정문점,1
커피온리(시청2호점),1
툴바,0
서빙고101,0
커피베이,1
팡세커피전문점,0
젝키살롱,1
모카와치노,1
소나기,0
가비커피,1
커피 양탕국,1
할리스커피,1
테라스,1
쵸이스커피숍,1
천하커피숍,0
매일이기념일,1
카페 치콜리니,1
녹원커피숍,1
빈스빈스커피,1
3H보석사우나 남탕매점,1
조이스토리,1
보바타임 명동롯데점,0
레아,1
유아히어합정교보문고점,0
썬다방,1
주주스,1
커피나무아래,1
던킨도넛(트윈타워점),1
카페디아떼,0
행복플러스카페,1
스타벅스 서래마을성당점,1
은하수커피숍,1
에스팩토리,0
쿠벅,1
온앤온,1
사주공간,1
하늘정원,1
(주)커피빈코리아 시흥홈플러스점,1
커피스마일(Coffee Smile),1
여기는카페다,1
스페이스엠,0
GS25 덕수점,1
36.5바이키(36.5 by KEY),1
카페낢진,1
스무디킹 도심공항점,1
퓨로쥬스,0
아담,1
디자이너스커피숍,0
모지니(MOJINI),1
SCOFFEE(스코피),0
굿애프터눈,1
떼루와 가산롯데 아울렛점,1
파르나스코엑스 카페,0
cafe H,1
샘,1
양천커피숍,1
로망스커피숍,0
H본부,1
카페베네,1
국수카페,1
마리웨일 염창우림비지니스센터점,1
카페미르,1
(주)미디어신나라강남점,1
커피마마,1
2Z커피(이지Coffee),0
차끓이는작은마을(전통찻집),0
커피즐겨찾기,1
경희마을,1
(주)커피빈코리아 삼청동점,1
영,1
뜨레모아,1
숙커피숍,0
모찌크림,1
세진커피숍,1
헬리오커피숍,1
마리웨일마카롱 등촌역점,1
마이스터디카페,1
북카페사가,0
통통카페,0
양지,1
명차,0
유림커피숍,1
별채다방,1
아트커피클럽,1
벤타나,1
커피마마 노원역점,1
카페디아떼,0
티티세,0
카페in,1
부머스(BOOMERS),1
공작,1
레오,1
스무디킹 뱅뱅사거리점,1
카페몰리,1
슈퍼리치,1
티커피전문점,1
시너지커피,1
(주)커피빈코리아학동역점,1
커피마마,1
잠바주스 명동1번가점(jamba juic,1
슬라드키,1
뜨레모아,1
커피캐츠웰,0
밀리타전시장,1
탑갤러리,1
수앤싸이몬soo&simon,1
합동휴게실,1
세르세커피숍,1
갈채다방,1
시로야마,1
토크쇼프,0
진다방,1
씨앤에프(C&F by Jung),1
고디바,1
콩툰 동대문점,1
페넥 아트 토스트,0
위디,1
카페인디(cafe in D),1
킹스독(King's Dog),1
아울스토리,0
매머드익스프레스(당산중앙점),1
요리가 있는 정원,1
131에스티,1
로코코,1
카페루루(Cafe lulu),1
오마샤리프,1
그리운꼬마,1
투썸플레이스 양재매헌역점,1
덩크슛,1
미드나잇카페,1
상상캔버스,1
북촌방향,0
티아레타히티,0
샹띠망,1
에쉐르,1
카페 주네,1
장미다방,1
카페파스쿠찌 서울시청점,1
(주)리빈코리아,0
유락,1
동국커피타운,1
타운다방,1
아톰플라자,1
메디아,1
연다방,1
팡세,0
미스티코티타,1
쎄리오,0
목화,1
세브웰,1
티맑은커피전문점,1
더츠커피,1
토비아스커피,1
스타벅스서울타워점,1
커피트리,1
빈어홀릭,0
브리스커피숍,0
비어드파파,1
마농,1
탐앤탐스 광흥창역점,1
블루디어,1
도노커피(국회의사당점),1
티엘스,0
모카떼,1
미뉴엣,1
서울강서지역자활센터-카페,1
국일,1
이디야올림픽공원점,1
듀,0
제이제이,1
에펠크레페바나나쵸코킹,1
청다방,1
들국화,1
아로마,1
체스커피전문점,1
리틀티벳,1
카페 힐링,1
보바타임 강남파이낸스센터점,1
커피플라이 역삼점,1
레오커피전문점,1
카페몬자,0
야조커피솝,0
제주여행,0
빈공간,0
현대다방,1
조이커피점,0
주희,0
이디야(회현SK리더스점),1
요거프레소당산SK점,1
작은뜰,1
이엔갤러리,1
달팽이,1
오테라,0
(주)헨델과그레텔,0
G go구마,1
위시워시,1
캔디플로스(Candy Floss),1
왈츠,1
츄잉타임,1
힐링카페심신프리,1
카페베네 사당메트로점,1
블루밍카페,0
우리커피숍,1
르네,0
미선다방,1
Cafe The 9,1
더쉼카페(The 쉼cafe),1
이디야커피순천향병원점,1
영,1
FELIX COFFEE,0
그랜드,0
커피스타,1
커피데이,0
행복한프라하,0
브링커피 삼성로점,0
필다방,1
스위트번스 서초삼성타운점,1
진커피숍,0
태평양,1
하늘과소나무,1
도우드림,1
클렌치커피,1
블루나일(Blue Nile),1
이디야(서일대점),1
슈팩트(주)COX,1
헬스바,1
아모르,1
딜라이트 카페(Delight cafe),0
커피코마,1
가나안건강차,1
커피스테이션,1
커피클럽,0
카페 라포레 충무로점,1
청암다방,1
꽃다방,0
커피데이,1
커피볼란테,0
엘림카페,1
카페어나더,0
투썸플레이스 북서울꿈의숲점,1
토프레소 상계역점,1
공원,1
엘에이베이커리,0
더카페이마트자양점,1
비브커피전문점,1
로터스,0
커피프레임,1
해피트리,0
러브커피(LOVE COFFEE),1
무드쉐어,1
쎄커피숍,1
바로그아지트,0
힐링포션,1
셔틀즈,1
한국,1
쉘터,1
인(in),1
달팽이,1
롤링핀 명일캐슬점,1
쥬씨 뚝섬역점,0
커피타쎄,0
리틀파머스 커피앤케잌,0
모노레일에스프레소,1
씨에틀번,0
테라로사,1
올레(olle),1
라인커피숍,1
언니커피,1
암스테르담커피점,1
엘프,1
다락방,0
카페홍(CAFE HONG),1
대성다방,1
엔제리너스커피홍대역점,1
로뎀커피전문점,1
카페베네숙대정문점,1
약속다방,1
보리수,0
코칭,1
칸느,1
카페 에클레시아,1
투썸플레이스 종로5가역점,1
나인커피로스터스,1
떼루와강변역점,1
씨즈,1
투썸플레이스 학동사거리점,1
카페 The Ko-Ne(더 코네),1
(주)아워홈 포스코영동점,1
랜드클립에스프레소,1
스트릿넘버502,1
스몰타운,1
로스터리87,1
연궁커피숍,1
(주)커피츄,1
Counter Culture Coffe(카운터 컬,1
테일러커피,1
산길휴게소,1
Grit Coffee Lab(그릿커피랩),1
커피코트 상암이안점,1
달봉이네,1
허니네카페(cafe),1
투썸플레이스왕십리역사점,1
워커힐,0
카페제이,0
쥬씨(대림점),1
카페두다트,1
요거프레소장안점,0
카페인디블루,1
델리칸,0
넥스트,1
루꼴라,1
Juicy (쥬씨) 양재2호점,1
커피나라,1
라떼야커피 서울대입구역점,1
팔공티,1
(주)두산카페네스카페명일점,0
엘피스카페,1
커피앤썸,0
커피하우스,1
TB CAFE (티비카페),1
홍루이젠 일원점,1
티타임,1
카페자이소,1
요거프레소 상봉역점,0
미련,1
콜롬비아,0
차떡궁합,1
(주)커피빈코리아동대문두타점,1
닷커피숍,0
서울다방,1
버거윈하우스,1
블루,1
루크테이블(LUKE TABLE),1
cafe soul(카페소울),1
지니스카페,1
아이비,1
탐앤탐스 합정역점,0
앨리,1
(주)커피니타임스퀘어점,1
쥬씨(가산점),1
카페37도씨,1
커피존스,0
커피램프(Coffee lamp),1
쥬리다방,1
고궁다방,0
인사동 클라쓰,1
익선동 밀도,1
볼레로커피점,1
도이창 혜화점,0
르갈,0
카페멤버스,0
대원,1
그린비,0
일등커피,1
카페코넌,1
엑스퍼트마트(expat mart),1
라인업PC방,1
고트레,1
로칼커피(LOKAL COFFEE),1
어바웃,1
텀블,1
카페디트레블(CAFE DI TRAVEL),1
SECOND CLOCK(세컨클락),1
(주)카페베네 삼청동길점,1
쎄이커피점,1
카페트리(cafe tree),1
빽다방 응암역점,1
골목커피숍,1
이룸커피,1
오하ohaa,1
카페치노,0
공간7,1
중앙다방,1
스타벅스 문정법원로R,1
고향찻집,1
메자닌신사점,0
모나코,1
우성다방,0
나이스데이(숭인점),1
씨엔티,0
카페 컵(CUP),0
소시에떼,0
커피박스,1
쟈뎅,1
Nic커피숍(닉),1
파스쿠찌 뱅뱅사거리점,1
화이트커피숍,1
가비니아,1
탐앤탐스 군자역점,1
카페위로(CAFE WERO),1
성진,1
시드니,0
오버플로우,1
쉼표,1
밀크다방(milk dabang),1
이디야커피,1
그녀의 커피잔,1
이주연의커피나무,1
카페베네 내방역점,0
제이맥스커피,1
(주)더팍스,1
테일러커피,1
까페 크레,1
장미다방,1
로뎀나무,0
다정한오후,1
자스(jass),1
가람사주커피숍,1
프롬투커피,1
광장커피,1
노원구청(카페),1
오렌지티,0
티하임,1
DAL DAL-HI(달달하이),1
아인뉴베나영1호점,1
뮤즈,0
팡세,0
델리쥬's,0
더리터,1
하와유 카페104,0
쁘띠아르브르 잠실한신점,1
파스쿠찌서여의도점,1
생각나는 김밥,0
신일다방,1
스타벅스 씨티극장점,1
브이알스퀘어(VR SQUARE),1
엘비엔또커피,1
에이그레이트카페숙대점,1
카페쿠피,1
콰스타커피,1
켄두,0
니트카페인티모,1
뭉치치카페(mungchichi cafe),0
삼보,1
가비니아커피전문점,1
쏘나타커피숍,1
스위트번스세종대점,1
썬,1
49번가 에스프레소,0
노란손수건,1
하우디,1
카페더썬(CAFE THE SUN),0
베네치아,1
라운지202,1
클럽커피전문점,1
커피월드,1
로코코,0
케이팟커피,1
지그재그,1
꼭대기 찻집,0
롤링라이스,1
유월(6),1
씨앤씨커피,1
구름뜬하늘,0
커피더캠프신촌로터리점,1
파이엔,1
시루케이크,1
커피밀,0
공차,1
리라쿠,1
더커피,1
항공다방,1
라심,1
포노(PONO),0
커피칼라,1
화인,1
카페제이,0
네이처셀 카페,1
자유시간,1
더레드카펫,1
더카페/서울숲 SK V1,1
카흐베하네,1
달동네커피공부방,1
컴포즈커피 노량진점,0
(주)플러스원솔루션,1
드랍딥(Drop Deep),1
에필로그커피전문점,1
키즈카페몽 (THE MONG),0
투썸플레이스(봉천역),1
공릉다방,1
이디아망원역점,1
뮤직아카데미,1
핸드드립 빈스토리,1
뮤즈,0
cafe 252,1
더카페,1
커피제이(J),1
도원,1
바나나트리,0
빅브로,1
리빙스퀘어,0
삼형다방,1
허슬러,0
이디야커피,1
엔지,0
커피하우스체터,1
씨제이프레시웨이(주),1
동일커피숍,0
엔젤리너스 여의도선착장점,1
중앙다방,1
베토벤,1
모스버거 종각역점,1
카페베네 반포삼호가든점,1
스위트번즈,1
카페위즈,0
남커피숍,1
또바기,1
카페레아(CAFE RHEA),1
예스 앤 예스,1
카페패딩턴paddington,1
엔제리너스 YZ Park 점,1
커피타임,1
쉬다,1
피카 노르딕가든점,1
카페오,0
프롬하츠커피앤베이커리 성동구청,0
이디야커피 신논현역점,1
반월,1
스타커피앤와플,1
보나티,1
카페그레이스,1
탐엔탐스 건국문점,1
이디야(연신내점),1
참피온커피숍,1
THE VENTI(더 벤티) 교대점,1
신안,1
(주)커피빈코리아 행사점,0
란,1
제이제이,1
다솔다방,0
coffee thyme(커피타임),1
그루터기커피전문점,0
더 한옥,1
cafe '끌림',0
아임티카페,0
카리부커피 신촌점,0
헤르만헤세 뮤지엄앤카페,1
TODAH(토다),1
볼레로커피숍,0
버즈커피전문점,1
투썸플레이스 역삼점,1
카페벤티,1
(주)커피빈코리아 홍대아래삼거리,1
신화웨딩월드,0
아띠커피(Atti Coffee),1
몬토하베,1
스타벅스커피 서울아트센터점,1
바리스타,1
클럽아프리카,1
샌드위치앤드빈(Sandwich and wie,1
치프빈(Chief Bean),1
희다방,1
궁전다방,0
롯데GRS(엔제리너스),0
샐프레소김포공항점,0
신궁전다방,1
투썸플레이스 씨지브이 대학로,1
조아다방,1
서래수(秀),1
하늘빛푸르다,1
망고식스 경희의료원점,0
탐앤탐스,1
카페홀릭,1
마블빈 커피,1
커피잔,1
가람,1
카페따라주,0
째즈,1
르돌치일구사육,1
커피데이(COFFEE DAY),1
세이버,1
금천,1
스타벅스커피합정,1
커피빈 남대문점,1
뉴월드커피숍,1
파슈2,0
모꼬지(MOKKOJI),0
(주)클래식케이크코리아,1
(주)공차코리아,1
본까페,1
세컨드홈,0
커핀그루나루 구산역점,0
씨유 논현 스타 게이트,1
카페 포럼,1
동아전통찻집,1
사라커피점,0
비스토핑 Bistopping,1
밀티하우스,1
동남다방,1
카페1464,1
빈스브라운,1
(주)커피빈코리아 마리오아울렛점,1
엔제리너스커피 불광역점,1
도키메키,1
팀베리,1
스타벅스노량진역점,1
소라다방,0
닉스,1
cafe 74 ℉(카페 칠사오에프),0
(주)커피빈코리아 낙성대역점,1
명동커피숍,1
나이스데이,1
GS25등촌서낭점,0
다향,1
스타벅스 광화문D타워점,1
더블유빈코리아(빈스바네스),1
로코코,1
포도나무 북카페,1
아망떼,0
스카시,1
제이에스텔레콤,1
카피나,1
서오능다방,1
스타벅스커피 역삼초교사거리점,1
싹스,1
Cafe Stay(카페 스테이),1
스칼라,1
라오상하이고운찻집,0
(주)청담페스틴팩토리,0
립스티,0
카페웨이,1
베네치아,1
카페 에스크(Cafe esk),1
가비니아커피숍,1
GS25화곡까치산점,0
퍼블리크(LF동관점),1
카페베네,1
피규어카페피카,1
애심커피숍,1
애프터커피 after coffee,1
영플라자커피숍,1
손글씨 카페,0
코피루왁,1
카페베네 신천성당점,1
고려커피숍,1
카마,0
리치맨,1
그린하우스,1
홈스테드커피 충무로점,0
카페씨에로(CAFFE CIERO),1
스타벅스 선릉 세화빌딩점,1
카페하우스,1
큐베리,0
글로리아 진스,1
고메이,1
담벼락고양이,1
팡세커피숍,1
아트플라츠,0
시노커피(cino coffee),1
모로티,1
리블링스(Lieblings),1
커피별B612,1
스노우화이트,1
네스,0
샘이깊은마을,1
쥬씨 망원시장점,1
꽃다방,0
르갈,1
카페디비베스미아점,1
42프로젝트(Project),1
카페 허니비즈,1
해리스커피,1
광덕커피숍,0
스타벅스커피 명동입구,1
소네트커피전문점,1
밀장이,0
맘모스커피숍,1
마루,0
로스팅포인트,1
서울커피숍,0
물 바람 이야기,1
씨티커피전문점,1
카페 유어스,0
북해빙수,1
모비딕,1
스위밍풀(Swimming pool),1
투썸플레이스강남일원점,1
카페 진,1
스위트번스,1
카페루시카토 동대문디자인플라자,1
한,1
(주)이씨엠디 푸르덴셜생명보험본,1
앙페르,0
제네럴 스토어,1
숲속,1
뛰뛰빵빵 어드벤처,0
스타벅스 충정로역점,1
엔제리너스커피 종로3가점,1
BY HIS HANDS(바이 히즈 핸즈),1
위너짐,1
에어,1
띠엠뽀,1
다락방커피숍,1
칼루아,0
뜨레,1
화랑다방,0
커피온리&마리웨일237,1
엘,0
범산목장,0
콜롬비아커피,1
어썸토스트(A!Some Toast),1
요거프레소 국민대점,1
카페그랑(cafe gran),1
성난미소,0
블랙쉽,0
지에스25광흥창역점,0
운명바꾸기,1
커피머그,1
드라이어스아이스크림서강대점,1
오코아,1
커피내음,1
자작나무,1
이디야등촌3동점,1
노아스 부티크,1
둘레,1
밸런스(BALANCE),1
M카페,1
커피락,1
볼가,1
미스터피자목동하이페리온점,1
돌채,0
커피랑,1
이코복스커피 압구정점,0
THE 봄,1
고디바 센트럴시티,0
원커피전문점,0
더와이즈 커피숍,1
커피니,1
공미학(GONGMIHAK),1
영다방,1
맛.싱,1
아라마크(주) 종합관카페베네지점,1
이디야신월7동점,1
오두막커피숍,0
커피홀,1
뉴삼화관광호텔,1
여성건강카페 화음,1
커피가 스타일을 입는다,1
굿나잇앤굿럭,1
쉬즈커피전문점,0
달콤(문래점),1
채널큐이문점,1
모노커피전문점,1
JoOh,0
카페홀썸,1
더풀,1
커피집,0
샤카블랑쉬,0
테마,1
문래커피방,1
콘레드커피(CONRED COFFEE),1
몽마르커피,0
블루베리(Blueberry),1
(주)아리스타 충무로점,1
카페돌담콩,1
챔프,1
드롭탑 금천은행나무점,1
골드북,1
리베,0
정경,1
꿈꾸는 고래,0
MAG7전자담배,0
할리스커피 장승배기역점,1
시크릿테이블,1
애니데이,1
러브캠프,0
비어드파파 포도몰점,1
탐앤탐스남부터미널역점,1
카페 따띠(Cafe TaTi),0
엔제리너스 커피,1
Bolt&Nut(볼트앤너트),1
스노우마운틴,1
(주)카페베네노원교보점,1
엘리스,1
카페여행박사,1
콰르텟 강남,1
엔제리너스망원점,1
텐보이커피숍,1
나이스데이,0
베어스덴 베이커리,1
커피타임,1
토프레소 남현점,1
아트카페 아르떼,1
아시아나타운점 까페,1
Coffee flying(커피플라잉),1
(주)에이치케이푸드 강서세무서,1
까페드꾸띠에,1
나이스데이,1
르 샤 보뜨(Le Chat Botte),1
보리수,0
시계다방,1
공린가,0
솜씨 플라워카페,0
카페라그라스,0
카페인(Caf'e Inn),1
품어주는카페(embrace and cafe),1
영일,1
카페따라주,0
예츠,1
베로아로스터리(VEROA)망우점,1
하니,1
스타벅스쌍문역점,1
장미,1
뮤즈,1
신성다방,1
야곱스삼풍점,1
별다방,0
카페봉봉,1
하우스브란트용산점,1
엔제리너스커피 수유역점,1
커피콩나무,0
커피똥,1
알베로(Albero),0
125 coffee,1
뮤렝,1
행운,1
참피온,0
스타벅스 보라매타운점,1
리오에스프레소,1
커피다,0
고메카페,1
IMF,1
스타벅스 종로평창,1
이디야당산중앙점,1
가비,1
커피,1
로띠번,1
커피어반,1
폴레폴레,1
(주)커피빈코리아 남부터미널역,1
아로마스토리까페,0
마이빈,0
세미콜론디카페,1
익스프레스커피,1
카페쉐이드트리,1
SELECTO 길동점,0
카페오아시아 청담점,0
폴카,0
예전,1
빽다방 반포고투몰점,1
다트프린스홍대점,0
보성 전통찻집,1
맛나커피,1
Project Seoul(프로젝트서울),1
SSIN(씬),1
BB CAFE(비비 까페),0
라온제나,1
고고카페,1
초원,1
알레그레토,1
한방차,0
송원다방,1
자연물들이기(전통농촌문화연구소,1
백조다방,1
샤론,1
로비커피숍,1
JAM커피전문점,0
달리는커피회기점,1
캠원두커피전문점,0
구구커피숍,0
우리두리커피전문점,1
카페제제 뚝섬2호점,1
백송다방,1
카네기커피숍,1
황궁다방,0
카페.라희,1
옐로우머그,1
X·D팩토리,0
쥬씨(공덕점),0
신떡논현점,1
마마쥬스,1
브런치팩토리,1
워시존 강남점,1
커피이야기(커피스토리),1
클럽커피엔플라워,1
스노우스푼,1
커피베이 신도림역점,1
녹음다방,0
화랑,1
베네강남세무서점,1
카페 숲(Cafe Soop),1
더플라워앤커피하우스,1
페스티나렌떼4점,1
(주)커피빈코리아합정역점,1
스케네,1
그루밍커피(Grooming coffee),0
포트폴리오,1
훼미리마트 서초유앤아이점,0
캣앤라켓커피(Cat And Racket),1
강동아트센터매점,0
피렌체,1
배롱나무,1
카페익스프레스,0
카페드블록,1
투썸플레이스(중구YTN3점),1
로뎀의집,1
슬로우시티,1
산타페,0
노타리,0
월라윕아이스크림,1
디싸이시브모먼트(Decisive Momen,1
카페유유얼셀프(CAFE U URSELF),1
시티오브에스프레소,0
커피 앤 츄러스,1
우성인테리어 커피,1
프랑켄모노카페 FRANKENMONOCAFE,1
노란구름빵,1
리나앤세실(Lina & Cecil),1
씨유 종로신영점,1
약속다방,1
프레소 커피 디자이너,1
스타벅스커피여의도한양증권점,1
커피923,0
스마일,1
커피베이,0
커피모네(Coffee Monet),1
카페 에이치(현대백화점 디큐브시,1
파시노,1
현정커피숍,0
(주) 세상을움직이는힘세움카페,1
필커피점,0
휘어원드,1
엔제리너스커피 명동점,1
도토루충무로2가점,1
로티빌 잠실점,1
스파월드스넥,1
포래빗,1
미즈커피전문점,0
스타벅스 구로에이스점,1
티니위니 카페 강서NC점,1
두커피(Do coffee),1
아재커피 정동점,1
(주)커피빈코리아 행사점,0
파스텔 본점,1
카페쥬드,1
스타벅스 미아역점,1
놀숲 종로점,0
리앤베이크,0
카페베네(신정네거리역점),1
카페인,1
Bio-Bcc,1
도토르,1
라무스,1
겟썸커피,1
피즈다방,1
양말샵,1
펄(PEARL),0
가든커피숍,1
커피집도피오,0
탐앤탐스 을지로3가점,1
CU공릉점,1
더치식스 W.V.E.D,0
알베르,1
가람,1
파리바게뜨 무교점,1
프럼커피전문점,0
싸리카커피숍,1
카페모닝2호점,1
스타벅스 광나루역점,1
공차 대치은마사거리점,0
인디에프갤러리 카페쉐누,1
마시그래이,1
리치,1
은정다방,1
민다방,1
스탠다드 브루잉(STANDARD BREWIN,1
요거프레소,0
에떼커피전문점,1
카페지니(cafe Genie),1
노랑레스토랑,1
변자매네,1
뉴프라자 신사점,1
(주)커피빈코리아 명동역점,1
베니카페(benny coffee),1
유토,0
두근두근쿠키야(도키도키쿠키야),1
커피준(COFFEE JUNE),1
카페콩,1
삼오다방,1
카페아퀴페르메,0
리필커피(RE FEEL),1
엘리시아,1
삼백커피오륜점,1
세잔,0
일상 커피 컴패니,1
카페그리다,1
스위트번스금천엘지점,1
본솔커피(연희점),1
콩아일랜드,1
몬테베리코(Monteberico),0
현실과비평,1
믹스앤매치,1
카페 나임,1
체리커피,1
커피 콩,0
리인,1
오설록 티하우스,0
미정,1
카페두(CAFE DOO),1
커피앤(coffee&),1
석호,1
10000LAB COFFEE(만랩커피 논현역,1
로미오와쥴리엣,1
아프리카스퀘어,1
커피베이 강동성내점,1
탐앤탐스가로수길점,1
카페일레븐에이엠,1
베스트 빈 논현브레이브점,0
카페헤븐(cafe Heaven),1
피꼴로,1
오두막,1
다미스,1
까사델리(CASADELI),0
지오갤러리&카페,1
세느커피전문점,1
커피몽타주(Coffee Montage),1
샐리스타임,1
탄트라,1
카스쿠르트,1
cf 커피솝,1
노아스 로스팅,1
피카니피카노,0
일일샐(1D1S),1
필,1
솔로몬,0
레미제라블,1
커핀스토리,1
스위트번스 커피전문점,1
카페테지움,0
별다방,0
카페다커피,1
컨시어지 커피(concierge coffee),1
알랙산더501,0
카페랑스,1
레이니어커피,0
아이스팩토리,0
팡세,1
장르,1
카미,1
진아,1
커피베이 암사역점,1
카페베네,1
오프,1
커피베이 중곡대원점,1
카페7그램수유역점,1
투썸플레이스 강동구청점,1
탐앤탐스 노량진점,1
요거프레소 노원문화점,1
앙베르베이커리,1
커피트리,1
타임커피숍,1
나무아래,0
시니어허브,0
빌리 카페,0
sk네트웍스(주) 연신내점,1
cafe 멍,1
책과 커피,1
이디야,1
뉴서울주유소,1
토프레소공덕르네상스점,1
(주)솔리드스트라이프,1
샬롬,0
귀천,1
요거프레소 내방역점,1
카페웨이브앤델리,0
엔비오브더빈,1
커피쥬,1
커피나무,1
셰프리,1
네스카페,0
소정다방,0
커피더(coffeethe),0
놀숲 신사가로수길점,1
할리스커피 종로코리안리빌딩점,1
곰스곰스,1
따띠삼겹,1
카카,1
아티굿띵,0
모니카원두커피전문점,1
라바짜 카페,0
왈츠,1
오가다용산아이파크몰점,1
지카페(G-cafe),1
커피 스튜디오,1
MAKING UNION,1
투썸플레이스상계점,1
카페 드럭스,1
카페로플라,1
#11(Sharp eleven),1
엔탑스,1
메디아,1
하트츄 중계점,1
인트루,1
네오,0
빙달회기점,1
카페잇(여의도역점),1
프라우커피,1
(주)차타임코리아홍대점,1
리틀파머스커피앤케이크 피트인점,1
이디야,1
카페바이버리,1
굿띵커피,1
복,1
oisiiibento,0
이디야 커피(EDIYA COFFEE),1
쉐라프,0
브레머그랜드점,1
데니스 석관점,1
젬스커피,1
메리고라운드,0
띠아모,1
맵시,0
브레머커피전문점,1
스타벅스 서울시청점,1
카페감(gam),1
낙원다방,1
버블트리(서여의도점),0
올리브(ALLLIVE),1
까페 코이노스,0
투원커피전문점,1
이디야 의주로점,1
뜨레모아,1
조인,1
에스프레소하우스,1
참콩다방,1
치르체,0
원바이포원두커피전문점,1
영다방,1
올어바웃미,1
투썸플레이스,1
타이티 플래그쉽 스토어,1
프리마베,0
(주)커피빈코리아 가산디지털단지,1
토르토니,1
바이타민,1
커피나무,1
상아다방,1
주스토닉,1
대박휴게소,1
메이큐 코,1
요거프레소,1
마피아 디저트,0
삼광커피솝,1
커피킹,1
화음,1
카페틔움,1
위메프카페 삼성점,0
쥬씨&차얌 상계역점,1
빌리엔젤 마리오아울렛,1
밸리하우스,0
로뎀,1
라리,1
다시스,0
스타,1
카페시벳,1
잇츠크리스피 베이커리,1
투엑스라지커피,1
커피베이 충정로역점,1
쏘커피전문점,1
가브리엘,0
우성다방,0
더블루스,1
카페클라라,0
씨이엠 갤러리 모벰버(MOVEMBER),1
카페리바노,1
토프레소,1
카페지금여기456,1
엔젤리너스,1
(주)커피빈코리아 서초우성점,1
예인세라믹카페스튜디오,0
투웰브피엠,1
카페디비베스 경복궁(CDBK),0
커피니,1
원바이포,1
꼬페원두커피전문점,1
THE JK(더 제이케이),1
커피나무,1
몬트,1
콤(KOM),0
더롭카페(The Lop Cafe),1
원력건강보약찻칩,0
커피베이 은평아이파크,1
이투스스터디카페,1
이디야커피,1
카니발,1
유어비스토리(urBstory),1
써브웨이,1
성은,0
폴바셋 신문로점,0
아람 Cafe,1
젊다방,1
중구,0
메이 앤 토니,0
로얄스페이스(Royal space),1
핀칠리로드,1
까페롱기,0
브룩클린,0
종암,1
카페게이트(목동파리공원점),1
유오디아,1
스타벅스마포아크로점,1
치르체종로점,1
몬나니,0
신빙고,1
커피타임원두커피점,1
ROVLU,1
파스텔,1
이디야(천왕이펜하우스점),1
이브,1
호박커피숖,1
강남e병원커피숍,1
코코버블티,0
겟썸커피(롯데뮤지엄),1
벙커,1
행복을 마시는집(수송점),1
떼루아 신내점,1
조인,1
파나마,1
오시또,0
(주)탐앤탐스,0
온다(ONDA),0
브람스커피숍,0
디데이 라운지 (D'day 라운지),1
놀숲,1
아도니스,1
아인,1
예다원,1
커피캐빈,1
카페 데 플뢰르 방이본점,1
숙,1
엔커피 가산더블유점,1
쑈뇨커피전문점,1
할리스 도심공항점2,1
뉴천지커피숍,1
귀빈다방,1
Black Coffee(블랙커피),1
굳(GOOD),1
아뜨리아커피숍,0
엔제리너스가산아이티점,1
카페클레버,1
스타벅스 수서역R점,1
용궁커피숍,1
후니지니,1
Taffy Town Candy`s(태피 타운 캔,1
샛별커피숍,1
투썸플레이스오쇼핑사옥점,1
목련다방,1
파스쿠찌,1
용,1
고또카페 GOTTO,1
진커피숍,0
이트앤토크,1
스위트몬스터,0
카페퀼트비,1
커피메니아,1
우노(UNO),1
오두막,1
사내카페IBM점,1
더블유더블유더블유,1
섬다방,0
아이티 모임공간,0
셀렉토커피 청량리역점,1
네이밍카페커피GO!#1,1
프리존,0
두리,0
프레시 홀릭,1
모노레일에스프레소,1
월,1
프렌치 키스,1
카페레이나,1
프린스점,1
큐베리,1
제이디엔지니어링(커피홀니스),1
나무키친,0
아이비,1
시간이흘러,0
폴라리스,0
향가,0
릴랙스프리,0
썬,1
하트,1
약속다방,1
까페 드 꼬또,1
GIL 차와 도자기,0
자네이르,1
마트마타,0
커피크루,0
커피베이 미아사거리점,1
미미미,1
참사랑커피숍,1
야카모즈,1
다나 에스프레소,1
백작,0
엔제리너스,1
만화로보는세상,0
카페 블로그 신천점,1
커피와커피,1
(주)자바씨티 종각점,1
양,1
라이브인터넷,0
천국다방,1
(주)떼란,1
컴바이코리아,1
DEAN & DELUCA(딘 앤 델루카),1
매머드익스프레스 선릉한신점,1
카페홀릭,1
요거프레소(광운대점),1
에그  맛있다,1
영빈,0
자유시간커피숍,0
이디야양재스타클래스점,1
엣찌야(영등포점),1
로즈마리,1
코코버블티강남역점,0
루이스대디커피(Louisdaddy coffe,1
한서커피숍,1
샤갈,0
프레스코커피숍,1
(주)커피빈코리아 정부종합청사점,1
저스트 로스터,0
O.J.E(오제이),0
엔젤커피,1
마리 앤 마크 대학로점,1
로뎀나무,0
슈바빙,1
블루윈드카페,1
카페 타샤테이블(Cafe Tasha's Ta,1
델트렌2,1
미즈스타커피,1
제시피오레,1
이디야 충무로3가점,1
커피,1
콩깍지,1
목련다방,1
프렌테(frente!),0
리오-데일커피솝,1
텀브커피,0
만남의광장,1
하임(Heim),0
시민카페 길,1
카페브리스톳(cafe bristot),1
라리 서울교대점,1
카페휴,1
이디야이문점,1
워너빈(Wanna bean),1
(주)티에스커뮤니케이션,1
라스트로(LASTRO),1
폴 바셋 상하목장 신사역점,1
샤베르,0
커피나무,1
키작은하늘,0
차향기따라,0
(주)커피빈코리아 목동트라팰리스,1
(주)커피빈코리아 행사점,0
크런치오븐대치4동점,1
카페트루칠로,1
쥬시빈 포스빌점,1
파파독스,1
이디야 개포역점,1
주커피발산NC점,1
로즈버드,1
라피드커피,1
스타벅스현대미아점,1
더 케이즈 커피(The K's COffee),1
카페코지(CAPHE COZY),1
한다솜복지회 강동꿈드래마켓지점,1
메르씨,1
카페 영빈,1
포캣츠(4Cats),1
피오레,0
로우키,0
서울두부(seoul tofu),1
카페로뎀,0
티라레미수 강남아이파크타워점,0
빛과사랑,1
요거프레소 동대문점,1
스크롤,1
썸주스(SSUM JUICE),1
이디야(왕십리 센트라스점),1
삼청,1
로뎀나무,1
칸토뮤직카페2호,0
신안다방,1
D&C(디앤씨),1
플라이 (Fly),0
비크리스,1
스타벅스커피 동교삼거리,1
라온커피,1
런카페,1
라젠커피하우스,1
로타리커피숍,1
또아(TTOA),1
윙크커피전문점,1
코리아나 호텔 휘트니스,1
커피 반,1
커피올,1
아리스타커피,1
꽃뜨락,1
커피코,1
데코아발림,1
커피톡,1
파시야 이화여대점,1
The coffee(더커피),1
베스트빈,1
아미쿠스,0
더드림착한가게,1
벨롱(커피 및 매점),1
비제커피숍,1
커피락,1
POLE243,1
할리스 커피,1
투썸플레이스 KT&G 을지로타워점,1
숙다방,0
듀,1
(주)튤립코리아,0
화음,0
게스트,0
팡세커피전문점,0
프린스커피숍,1
커피랑 책이랑(coffee랑 책이랑),0
더블유카페(Wcafe)여의도1호점,0
쎈스,1
욜로케이크,1
워너커피,1
지지,1
이스트 빌,1
날마다 더,0
레알 에스프레소(Real Espresso),1
빈트리대흥역점,1
백조다방,0
켄박,1
해피커피,1
베프 슬라임,0
카페에이치 천호점,0
카페 베리타스,1
펄프커피(pulp coffee),1
유니드,0
메가박스(주),1
손가네 쭈꾸미 닭갈비,1
커피향,0
Pinch of love(핀치 오브 러브),1
자양다방,1
복다방,1
알쓰리(R3),1
쥬씨,1
더끌림(the끌림),1
규수당카페,1
디초콜릿커피&국기원사거리점,1
모리아,1
프렌치키스,1
솔커피숍,1
커피투데이,1
샌드앤닭,1
스페이스엠,0
(주)성덕푸드,1
스타벅스 SKT TOWER 점,1
디자인포디움,1
오십팔도씨(58도C),1
스타벅스영풍문고점,1
서울프린스,0
플로린스,1
Hello Coffee Munjeong (헬로커피,0
카페브릭스,1
피에스비(PSB),1
난다랑멤버스(신촌점),1
세븐몽키스커피,1
미드데이썬,1
일번지,1
유니도커피(unido coffee),0
갤러리엔,0
베어빈(BearBean),1
던킨도너츠 현대백화점팝업스토어,0
은하수,1
룬앤페이퍼,1
야자수다방,1
올그린,1
쉬크,1
강동커피숍,1
엘리,1
젤코바(Zelkova),1
사과나무,1
카페 아폴로,1
코코커피숍,1
커피카카오,1
할리스커피영등포사거리점,1
스카이카페,1
모노레일,1
상진,1
아마도(AMADO),1
육교다방,0
훼미리마트(영등포병원점),0
파스쿠찌연세세브란스1호점,1
더착한 커피숍,1
Cafe HIAZO,1
폴바셋 롯데본점,1
커피에반하다영등포로터리점,1
할리스 고척스카이돔점,1
코미치,1
슈가연,1
순천향,1
(주)도피오커피,1
P268,1
베럴커피(Better Coffee),1
첫번째선택,1
도티커피(DOTTY COFFEE),0
잉카커피전문점,1
파란행복(주),1
카페제이,1
키커랜드,1
로망스,1
하나다방,1
쎈스,0
엠엠티에치085(MMTH085),1
캠퍼스원두커피전문점,0
카페 소노,1
할리스커피 도곡점,1
겨울,0
에스프레소인뉴욕,1
성애커피숍,0
요거프레소 남구로점,1
레옹,1
카페큐,0
까페원,1
러스트,0
스포츠맨,1
호밀호두 교대역점,1
산다방,1
카페 하타다,1
헬로우바바 잠실방이점,1
디바,1
마마미아커피점,0
GS25 연대서문,0
오하코퍼레이션,1
해빈다방,1
화양연화,1
카파이레,0
금보성 아트센터,1
브레머다방,1
에스프레소타임,1
엠에스일공이삼(MS1023),0
모닝캄,1
쿠키몬스터파티셰리,1
핸썸베이글,1
쇼콜라쇼,1
이디야커피 홍은중앙길점,1
카페 깔리엔떼,0
카페네스카페 대학로점,1
더런드리카페,1
빈스앤와플,1
영등포커피집,1
(주)더더다다 퀸마마마켓 도산점,1
할리스커피,1
클럽모로,1
영커피숍,1
비제커피전문점,1
도예,0
(주)공차코리아(여의도현대증권점,0
루앤빈스,1
카페자우,1
CMB토탈피트니스,1
아가페,1
가배두림이마트가양점,1
롯데컬처웍스(주)롯데시네마 가양,1
에브리또(Everytto),1
듀스,1
셀렉토커피 뱅뱅사거리점,1
제니퍼마운틴,1
카페베네 명일역점,1
커피에반하다,1
일바쵸,1
커피라인다방,1
스타벅스커피 서초동점,1
투썸플레이스강남대륭타워,1
커피세븐상계점,1
쥬씨 구로디지털단지점,1
비엔더블유,1
스타벅스 용산파크타워점,1
쥬디스,0
카페 플로이나,1
더리터대림역점,1
궁전다방,0
디자인,1
카페마호우,1
어웨이던 소리빛,0
아이비,0
이디야커피창동학원가점,1
씨티커피숍,1
Cafe Ja(카페 자),1
디플,1
cafe' sweets(카페 스위츠),1
카페더뉴,1
꼬모꼬모,1
할리스커피 개포주공점,1
아쿠마(Akuma),1
동일커피숍,1
로티팜스,1
하모커피숍,1
아나이스,1
카페보스코,1
쁘띠아르브르,1
레드빅센,1
크레피아,0
망고식스 현대아울렛 가산점,0
커피에 반하다,0
연신다방,1
백화다방,1
점보카페,1
투썸플레이스 금천롯데캐슬골드파,1
(주)원에스쓰리디,1
레어마카롱,0
커피왕 화곡점,1
에쎄,0
커피베이 미아북부점,1
데일리그라운드,1
커피온리 세종대점,1
카페에스파니 포스코사거리점,1
자리이타,0
탐앤탐스노원점,1
라떼야커피 노량진점,1
탐앤탐스용산문배점,0
소네트,1
리틀포레스트,1
영잘아 북카페,1
피아노,0
까페 맘,1
위메프카페 대치점,1
커피탐이나,1
카페크레아팜,1
할리스커피 서울스퀘어점,1
카페인(cafein),1
카페 사이언스,1
은행다방,1
진솔,1
진선미찜질카레,0
(주)롯데리아 엔제리너스,0
초코비니,1
커피다,1
카페-티모르,1
카페 드 플레르,0
커피베이 가산직영점,1
아이스걸크림보이 압구정점,1
미스터츄로 홍제점,0
커피앤드,0
디초콜릿커피 학동역점,1
애니쓰리,0
쥬씨도봉동점,0
갤러리커피하우스,1
바움스타,1
까페 에스피(CAFE SP),1
세이브커피전문점,1
공차 AK구로점,1
백미당 (호림점),1
할리스커피(동덕여대점),1
카페모카,0
Bentus Coffee( 번터스커피),1
슬러시퍼피,1
Cafe Rodem,1
뉴욕핫도그&커피,1
라비,1
두들(Doodle),1
(주)우리애그린,1
아이디커피,1
파스쿠찌 디큐브아트센터 1호점,1
커피타임,1
하늘빛 담은 청,1
갓구운커피 7,1
카페루앤비,1
이글루,0
브라하,1
나 뚜루,0
아라비카 커피,1
Cafe G,0
동보다방,1
이디야커피,1
마농커피숍,1
카페아라비카,1
고대애기능카페,1
일동다방,1
커피향깊은한옥,1
신당쥬스,1
호(HO),1
자바커피전문점,0
맘스케익 강서방화점,1
그릴드치즈,1
에클레시아,1
커피베이 홈플러스 중계점,1
카페테바,1
탐앤탐스청담점,1
봉제산 아래 커피집,1
함앤김,1
파피루스,1
카페보굼,1
은밭,0
키노빈스,1
아우어커피 강남점,1
쎄리오(테크노마트지하1층),1
인디랩,1
내가 원하는 옷,1
빈프로젝트연남점,1
앵글러 빈,0
시네마,1
오로라에프엔지,1
이디야 부국증권점,1
쿠파커피,1
뽀삐애견카페,1
올빛(ORBIT),1
극동다방,1
카페코나퀸즈마포점(cafe konaque,1
공차 약수점,1
빈스월드커피 한양대점,1
칸타나(커피전문점),1
스타벅스커피 까치산역점,1
카페드올리브크릭,1
커피공작소,1
꽃다방미스김,1
공차 동묘점,1
카페플럼,1
카페느티나무 음대점,1
타임다방,1
느닷,1
심포니에프,1
소정공방,1
엘리펀트게이트까페,1
팔공티상암점,0
갤러리 까페,1
모노커피,0
퀴클리신길점,0
동은,1
보스커피숍,1
중앙도서관 북카페,1
그라시아,0
도티커피,1
모델커피숍,0
한미다방,1
카페테리아,1
돌로미티목동점,0
이데아,1
pobar(팝바),0
어나더쏭,1
스타벅스 문화일보점,1
로즈버드,1
카페네스카페 삼청점,1
레이스토리아(3호점),1
반얀트리 coffee,1
파티오,1
cafe.달보드레,1
지유명차 여의도점,1
동민,1
퀸스커피숍,1
데니스커피 남강점,1
더착한커피 서울역점,1
커피스토리,1
쥬씨 길동역점,0
원앤식스,1
빈스브루,0
작은다방,1
빈스빈스커피 충정로역점,1
스타벅스오목교사거리점,1
피티카페,0
자바,0
만나리,1
투오버,1
영다방,0
쎈띠도(Sentido),1
서울,0
쎄렌디피티(SERENDIPITY),1
토라커피,1
커피농장의하루,1
훅스에스프레소,0
스타벅스올림픽프라자점,1
까치다방,0
건대스타시티점오쉐이크,0
이 에스프레소,1
세미콜론,1
더역삼,1
차드림,0
리빈코리아(주),0
베리하우스,1
죠이클래식,0
차타임 광화문점,0
루미가넷웰리스바,1
고디바,1
이디야 탑골공원점,1
뉴욕핫도그앤커피,1
아스테르,1
커피자임,1
오쉐이크오가다상암MBC점,1
가배두림,0
수정다방,1
명랑시대쌀핫도그 중화점,1
여행카페,0
파운야드(POUNYARD),1
(주)두산카페네스카페씨티매장,1
커피삼매경,1
CAFE 블루페어리,1
지베르니 정원,1
씨앤드비,1
(주)히브루스,1
모카하우스,1
빌리엔젤 종로관철점,1
더베이커(The Baker),1
진향,1
용다방,1
VERY VARY KOREA(베리베리코리아),1
코와핀,1
앤드커피,1
라폰디,1
커피솝콜로세오,1
응접실커피숍,1
Delight(딜라잇),1
엔학고레,0
제니스,0
엣홈,0
연희예술극장,0
던모스Dawnmoss,1
정원다방,1
(주)설빙문화방송지점,1
카페파우제,0
셀렉토커피 논현점,0
에비앙,1
애 커피 로스터스,1
이디야커피 석계역사점,1
둔촌동카페,1
무나드 카페,0
소적두 파머스카페 압구정,1
메고지고 홈플가양점,1
카페펀코(CAFE FUNCO),1
팡세,1
백조,1
커피에반하다양천신월점,1
교토마블,1
꿀곰카페,1
CAFE 1977,1
에쪼,0
작은부엌,1
더카페,1
헤비로테이트,1
코넷팅(CO-NET-ING),1
커피아름,0
카페오라,1
에스프레소 플래닛(ESPRESSO PLAN,0
뚜르드카페,0
올레뜨커피전문점,1
우담바라필무렵,1
온기경,1
eg coffee(이지카페),1
스타벅스 선릉동신빌딩R점,1
타피오카 영동시장점,0
커피니(능동점),1
그늘집,1
현대다방,0
테마커피숍,1
프론트,1
슈어-슈어리 커피(Sure-Surely Co,1
투썸플레이스,1
기대치 은행사거리점,0
아임빈,1
장미커피숍,1
예랑,0
구멍가게,1
배리하우스청담점,1
마주보기,1
피아노커피전문점,1
이디아커피석계중앙점,1
털리스,1
커피베이 길음뉴타운점,1
9너스커피,1
"카페, 빵을굽다",1
(주)즈모,1
투썸플레이스 등촌로점,1
인영,1
쌍떼원두커피전문점,1
몬스터 팩토리,1
상아다방,1
안다미로 종합관점,1
비발디,0
보이드원두커피점,1
할리스(HOLLYS)커피,1
스터디카페 위드유,1
귀빈,0
나라씨카페(Nara C cafe),0
탐앤탐스 이마트명일점,1
이탈리코,1
홈스테이,1
미네르바커피숍,1
폴 바셋 롯데몰 은평점,1
카페앙쥬,1
무어 에스프레소,1
공차 현대신촌점,1
수정다방,1
탐앤탐스 블랙 눈스퀘어점,1
보잉칠사칠,0
훼미리마트 은평중앙점,0
위에,1
(주)탐앤탐스,0
안드로메다,0
자바,1
할리스커피 올림픽공원북문점,1
단수이 대왕 카스테라,1
개츠비,1
브레머,1
흙,1
가린열 북카페,1
하이빈,1
에스카페(S cafe),0
멜로워(Mellower),1
비틀주스경희의료원점,1
조이,0
쥬스앤아이,1
일번지다방,1
델리뉴스,1
스타벅스 태평로점,1
히코코 서울적십자병원점,1
토프레소,1
반지캠퍼스카페,1
커피엔진,1
로얄다방,0
웹모아시스,1
팔레스라운지,1
월드커피숍,0
리커피숍,1
토피(Toffee),0
올리브,1
커피앤브레드,1
재클린스디카페 가로수길점,1
동궁다방,1
옛날,0
이프커피숍,0
루앤비 까페,1
네이처셀카페,0
성원커피숍,1
켈리포니아,1
마블,0
커피12번지,1
카페네스카페청량리역점,1
chewy chewy (츄이츄이),1
세븐몽키스이대점,1
스타벅스커피 서교동사거리,1
맥널티(마포점),1
시실리아,1
달새는달만생각한다,1
착한커피,1
글라쎄라떼,0
24T BLVD(24티 비엘브이디),1
에프비커피로스터스(FBCOFFEE ROA,1
레몽즈(Lemones),0
궁전다방,0
3 HUNDRED COFFEE,1
그린커피숍,1
앤드커피(AND COFFEE),1
카페 톡톡,0
오설록,0
스타벅스 뚝섬역점,1
파스쿠찌(강남태극당),1
티.제이,0
카페네스카페 국립서울미술관점,1
에고트립,1
플라워파티,1
누보마땡,1
바나나트리,0
커피브레이크,0
민박커피(민박컾),0
커피엠,1
코와핀,1
하이디 하우스,1
현스티,1
랄랄라,0
사주카페,1
나이스데이,1
잇브레드베이커리,1
카페보다(cafe~boda),0
후식(WHO SEEK) 상봉직영점,1
커피로드,1
마데컵닭,1
커피컴페니,1
Betwins(비트윈스),1
ISLAND 4199 COFFEE(아일랜드 419,1
(주)썬빌인사이드,0
스타벅스명동눈스퀘어점,1
금동전통찻집,0
수애뇨 339,1
망고식스천호현대,1
로띠번,1
블루래빗,1
커피날에,1
커피팩토리,1
빠니노빠,1
크라운베이커리 낙원점,1
공차,1
달콤커피 역삼에클라트점,1
푸른휴게실,1
끌리앙제과점,1
카페 그리니,0
(주)바디메모홀딩스,1
포시즌,0
커피오터스,0
전구소다,0
한꼬집,1
카페플레이버,1
아모렉스,0
반찬카페,1
셀렉토커피상도두산점,1
커피포트,1
할리스커피 구로점,1
블레스롤,0
브레머커피숍,1
스타벅스 명동 중앙로,1
띠엠뽀,1
쥬씨(압구정2호점),1
티파니,1
이디야,1
천지,0
레인보우6,0
이야기나무,1
폴링,0
란이에코지테이블,0
캐딜락,0
소야비커피숍,1
나무,0
남산테디베어갤러리,1
크렘(cafe' creme),1
미르헨지,1
캐슬원두커피전문점,1
녹색커피숍,1
세븐일레븐 강북화계초교점,1
스카이다방,1
피오루치,1
카페재재(Cafe JeJe),1
카페 비라티오,1
서향,1
개나리다방,1
선수,1
스타벅스 혜화역점,1
카페마루(CAFE MARU),1
화이트카멜레온,0
엔제리너스커피 선릉역점,1
카파-화양점,1
카페모펀,1
마카롱걸,1
코와핀,1
띵킹커피,1
할리스커피,1
필커피숍,0
(주)더블에프앤시,0
카페쏘(cafe so),1
스무디킹 롯데몰 은평점,1
커피 팩토리,1
마노핀 익스프레스 서울역점,1
탐앤탐스 더블유디호텔신림점(Tom,1
반포다방,1
이디야 마들역,1
더벨로,0
카페홀릭 반포점,1
모뉴먼트(카페),1
카페과수원,1
모녀다방,1
(주)로즈버드 강북삼성병원점,1
cafe 은비,1
정원커피점,0
롯데푸드(주)파스퇴르밀크바(은평,1
진,1
우리 커피숍,1
패키징카페,1
커피폴리,1
카페에츠(cafe ats),1
폴아저씨의 커피집,0
행운다방,1
9카페(9 CAFE),1
CAFE SKY & LIBRARY(카페하늘도서,1
이디야커피 개봉중앙점,1
이상,1
티라이프,1
샌드프레소,1
비노음료(퀴클리),1
한스멍,1
월촌,1
스무디킹중계점,1
커피식스성신여대역점,1
커피생각,1
커피 더 캠프,1
빌 에반스,1
하영그린,0
페이지그린,1
"다시,안녕",1
스타벅스 환구단점,1
미세스 갈루찌,1
해후다방,1
윙크타운커피전문점,0
뚜또오케이 낙성대점,1
호수,1
대원,1
이디야영등포본동점,1
커피컴온,1
알록달록,1
블랙모티브,0
이디야,1
커피앤숲,0
솜씨와 情떡,1
청송다방,1
(주)나눔과기쁨 구로지점,1
아샤(ASHA),1
집쥬스(ZIP JUICE),0
펠리체,1
파티오,0
가위바위보 면역공방내 매점,1
앨리스,0
약속,1
남산국악당카페,1
까페바뇨스,1
애인,0
와펀,0
카페 달콤한 오늘,1
양지다방,1
카라반,1
동경호텔라운지,0
올림픽스케이트장,1
욜로욜리,0
커피베이 서울대점,1
코피발리커피전문점,0
고디바 강남점,1
에스앤피,1
니네,1
꼴깍까페,1
이탈리안 익스프레스,1
카페루앤비(화곡점),1
아일휴게실,0
네오,1
카페 트리니티,1
더컵스(thecups),1
차칸커피중화역점,1
타짜도르,1
용커피 로스터스,1
카페마실,0
(주)커피빈코리아 이대역점,1
재단법인 아름다운커피 세정점,1
씨제이프레시웨이(주) 국립중앙박,1
elly's coffee(엘리스 커피),1
이화다방,1
뚜또오케이,1
아트커피점,1
모카향기,1
베스트커피전문점,1
초원다방,1
스터디101,1
중앙도서관카페,0
(주)윤상임,1
더벤티 NC강서점,1
커피브로,1
행복다방,1
카페캠퍼(cafe camper),1
온바로 성북정보도서관점,1
FunCity(펀시티),1
더치앤빈 가산디폴리스점,1
(주)보성커머스 충무로지점,1
쥬티,0
커피주네 (JUNE),1
에이티인터내셔널,1
카페위드(cafe with),1
Cafe CREARE,1
퀴즈노스 역삼점,1
카페 크레마,1
에스 앤 와이 상사(주),1
셀렉토커피,1
커피전문점화인,1
커피냥 공장,1
Fruit to go(푸룻투고),1
델트렌 김포공항역지점,1
라이더스클럽,1
부길다방,1
MY HOUSE CAFE(마이하우스카페),1
(주)사이카페 송파대리점,1
카페 빈,1
아띠엔느아티스트갤러리&까페,0
더 메디 라운지,1
카마,1
커피하임,0
라이코스티아이씨신촌점,1
한성하우스커피점,1
바리스타하우스,1
쥬얼리휴게실,1
카페아모제,1
란다방,0
모찌크림 법조타운점,1
와플킹,1
스무디킹 왕십리역사점,1
중앙,1
할리스커피 안암오거리점,1
카페인(Cafe in),1
탐앤탐스어린이대공원점,1
태양다방,1
치엘구스또홍대점,1
달콤한나의도시,0
할리스커피,1
휘카페,1
헤일빈스,1
모래탑커피숍,1
리베리카,0
감나무아래,1
엘가,1
스윗비,0
에스티엑스리조트,0
씨앤앤카페 숙명여대점,1
굿뉴스,0
티뷰론,0
오두막,1
근로청소년복지관 까페드림(cafe-,1
수,1
카페블라썸,1
보니또,1
비씨800서서울모터리움점,0
사기케,0
베네강남시티점,0
로즈버드(을지병원점),1
카페베네 종로5가점,1
뚜또 에스프레소,1
래린커피하우스,1
고메이커피구룡점,1
저스틴,1
(주)커피빈코리아 강남역먹자골목,1
내일DO커피,0
코페아커피옥수점,0
푸코다방,1
주식회사 한스앤제이,1
북카페산책,1
카페자우,1
갤러리 비즈엔아트카페,1
달고둥,1
요거프레소 송파석촌호수점,1
향기와편지,0
엘오에이커피,1
슬로우인디오븐,1
미쉘,1
재미삼아,0
주식회사 제이에스비,1
돌다방,1
알라딘 중고서점 커피,1
도노커피 푸른수목원점,1
난초,1
렐라(Rella),1
퓨어카페(PURE CAFE),0
이디야커피 화곡중앙점,1
훼미리마트화곡청산점,1
커피코트 선릉한신인터밸리점,0
더까페,1
Bean a holic,1
게스,1
도피오커피 청와대점,1
오피스오브(OFFICE OF),1
커피앳웍스(coffee@works),1
커피커피,0
꽃피는책,1
엔제리너스커피 빅마켓도봉점,1
뮤지움카페,1
라라브레드한남동지점,1
COFFEE BOX(커피박스),1
아라마크(주)레드덕지점,1
샌드프레소 양재점,1
형제사랑마중물,1
한티빈스토리,1
이디야 (마천사거리점),1
커피베이마포용강점,1
커피레시피,1
바르몽,0
마카롱굽는밤비,1
할리스커피,1
카페프레첼,0
잎새,0
리즈카페,1
레아스톡샵(Leah's talk#),1
투썸플레이스 상암우리센터점,1
화음커피전문점,1
(주)커피빈코리아서울대입구역점,1
블루 트리,1
별커피숍,1
(주)카페도란도란,1
"안녕, 어서와",1
미엘,1
칸타타커피마포점,1
보낸져,1
Coffee Mong(커피 몽),1
커피클럽길동점,1
커피볶는카페지팡,0
커피짱,0
약속,0
이마트24용산청룡점,1
빈스빈스커피목동현대41타워점,1
베데스다알,1
495-8,0
셀렉토커피 목동역점,1
웨이크업 커피,1
갤러리카페수,1
이화동애,0
신사장,1
지에스(GS)25 연희진성점,1
엘리펀트커피(ELEPHANT COFFEE),1
한신다방,1
열매다방,1
방화동커피볶는집,1
용궁다방,0
로즈버드 신당점,1
커피마지,1
엔제리너스커피 연신내역,1
카페뤼청담점,0
루이루스 SFC몰 점,0
유심정,1
하겐커피,1
이디야망우동점,1
숲,1
길다방,1
(주)라트라팡테 아오이토리,1
카이노스,1
Albero(알베로),1
공차코리아,1
초원다방,1
커피구름,1
금강,1
커피온리 방배점,1
에이치티,1
카페레벌류션,1
Good day N'(굿데이앤),1
카페상베르,0
팡세,1
빈브라더스,1
홈스테드(Homestead) 대학로점,1
베스티아커피전문점,1
카페 호두R,1
카페 엘카미노(cafe EL CAMINO),1
카페라떼르,1
골드브라운,0
심플(Simple),1
마차다방,1
목화씨 라운지(연남점),1
화이트데이,1
브이앤씨라이프(주) 과학기술정보,0
라스미어(LAS MEER),1
띠아모,1
cafe bianco  카페 비앙코,1
카페띠아모 강서초등학교점,1
작은이곳에,1
카페 파쳄,1
헤르츠커피로스팅,1
삼성다방,1
스타벅스커피 올림픽공원남문점,1
할리스커피,1
김.Coffee,1
이디야 용산아스테리움점,1
블랑커피전문점,1
범스커피(Beom's Coffee),1
더슬라브,1
카페누아(CAFE NOIR),1
시엠시,0
달리는커피신길점,1
카페바움,0
까페 앨리스,1
Cafe noriter(신림점),1
복다방,1
쟈뎅더로스터리 이마트 왕십리점,1
사천만커피숍,0
한길카페,1
커피엠,1
스타벅스 가양이마트점,1
달콩,1
모아,1
까치방,1
장미다방,0
스노우하우스(천호점),1
슬로우리(Slowly),1
모스토니커피,1
스타벅스커피 명일이마트점,1
두근두근쿠키야(도키도키쿠키야),1
모노치즈 방배역점,1
아람 앤 아델라,0
랑데뷰 커피 전문점,1
카페레브(CAFE REVE),1
발음북카페,1
마노핀 충무로역점,1
댄싱칼디,1
털리스커피,0
(주)파리크라상 홍대역점,1
코니써,0
오이(52)카페,1
공부다방,0
미시시피(missysippi),1
코아커피숍,1
매머드 익스프레스 노량진2호점,0
커피나무,0
뮤즈,1
커피타임,1
칼디와춤추는염소,1
공차 강남성심병원점,1
씨제이푸드시스템(주)중앙대점,1
양지,1
타임커피숍,0
더더모어,0
욜로(yolo),1
전통한방차,0
오가다여의도엘지트윈타워점,1
카페제이(CAFE J),0
티테리아(TEA TERIA),1
카페와일리(Cafe Wyile),1
이노(INNO),0
블루마운틴,1
부머스(Boomers),1
밀나라,1
맘스케익(청주오믈렛)영등포점,1
(주)레스트로,0
세븐일레븐 왕십리제일점,1
젤라떼리아,1
투썸플레이스(서일대점),1
삼광다방,1
브릭라이브월드,0
오가닉 카페인,1
투썸플레이스한성대입구역점,1
맥카페,1
버드커피숍,0
약속다방,1
카페큐브,0
흙다방,1
벤,1
길모퉁이,1
소금카페,1
뉴욕델리엣,1
사이버존,1
더치랩,1
카페 꿈틀,1
제이씨엑스 삼호물산점,0
스타벅스 교대점,1
쟈바,1
위브후레쉬,1
커피빈코리아,0
우리라운지,1
오하이오옥수(Ohio oxoo),1
앤지,1
케빈즈파이(Cafe Kevin's Pie),1
카페베네(중화역점),1
빌리엔젤 서소문점,1
망그로브(Mangrove),1
타임다방,1
티블랙 방배점,1
호밀호두&커피,1
허니후르테리아,0
양지,0
무궁관카페,1
깔루아커피숍(1호점),1
아뮤즈,0
카페 리빈 강남,1
카페 드 리옹,1
고양이별캣카페,1
모노레일 커피 신천리센츠점,0
카페엠에이엠,1
세븐일레븐(종로율곡점),1
부곡커피숍,1
아트까페테리아,0
달다래,1
그린5(압구정점),1
커피스토리,1
(주)공차코리아,1
커피화원,0
좋은아침,1
스타벅스영동점,1
황태자,0
프랑소아커피전문점,1
로씨커피전문점,1
자앤(JANNE),0
커피빈코리아(행사장),0
신세계커피전문점,1
쿠스쿠스(CUSCUS),0
제니스커피,1
오이코스,1
투썸플레이스 송파장지역점,1
둥지커피숍,1
까페소노,1
23홈즈,1
백마강,0
카린 홍대라운지,1
에이치(H),1
카페마조앤새디,1
이디야커피,1
투고샐러드,1
써클,1
리얼빈스,1
13온즈카페,0
이디야 신설동역점,1
카페목삼동,0
노닥거리,0
카페1001(cafe1001),1
그라시아,1
공린가,0
모르비도,1
필드,1
사비나커피,1
북카페찬샘,1
모델,1
커피베이 길동자이점,1
피아노,1
까르까르커피전문점,1
할리스 종로5가점,1
커피온리(내방역점),1
주식회사 제이엔지코리아,0
듀오란스,1
코코드메르,1
이디야커피(세종대후문점),1
커피패닝,0
소울(Soul) 36.6,1
플로레아,0
안느시카페(Annecy Cafe),1
카페마레,1
앨리스케이크 부티크,1
다운프레소(Down presso),0
그레이지,1
카페마들렌,1
빙또,1
롯데쇼핑(주)리치빌원두커피,0
더즙,1
미스터커피가락점,1
북카페,1
빈투빈,1
소담한풍경,1
이디야행당점,1
스타벅스커피여의도ABL타워점,1
생활커피 충무로점,1
이디야커피동서울터미널점,1
가든커피숍,1
샬롬커피숍,1
에쎈커피전문점,0
써브웨이 안국점,1
매머드커피한국노총점,1
신세계,0
화평,1
브레드원(BREADONE),0
카페 크링,1
펭귄드링스커피,1
크리스탈,1
커피베이(신당점),1
이디야커피동국대점,1
가마솥닭강정,0
(주)보나비 아티제 청담제일점,1
Mo Mo,1
Chato(차토),0
조셉의 커피나무,1
원킨450그람,0
루트커피 홍제점,1
커피빌,1
커피투고,0
딜러,0
더웨이닝커피(명지대점),1
진커피(JIN COFFEE),1
씨앗카페 느티,0
더카페강서NC9층점,1
더마실,1
익숙한그집앞,0
카페자우랩,0
더빠니니,1
그린도시,0
커피올로지,1
펠리스,1
나드리,0
삼다방,1
우쥬커피,1
그린빈,1
탐앤탐스탐스퀘어영등포점,1
biwon(비원),1
설국,0
갤러리아커피숍,1
까페 칼디,1
라-빠레뜨,0
로렐,1
카페웨이브,1
리포레커피숍,1
코벳블랑(COVETBLAN),0
쎄이,1
쉬크,0
디오커피랩,0
클럽엘리스,0
배스킨라빈스 선릉역점,1
카페오드리수,1
미니스톱 종로육의전점,1
엔제리너스커피대학로점,1
대성다방,1
좋은친구,0
K.S CAFE(케이에스카페),0
하나커피숍,1
커피나무,1
초원,1
토프레소 양재우면점,1
샐러브003(보라매공원점),1
풍성다방,1
할리스커피(HOLLYS COFFEE),1
더잇커피,1
주-커피빈코리아 삼성전자 강남사,1
(주)정오아카데미 이화여대카페점,1
디저트카페라임커피,0
아리스타커피숍,1
예일커피점,1
탐앤탐스 중앙대점,1
라제스,1
"당신의공간, 틈",1
탑앤탐스여의도점,1
커피베이마곡역점,1
글린커피,0
히코코,1
테이크일이(Take12),0
투썸플레이스 강서구청점,1
커피소녀 섬유센터점,0
디자인라이브러리,0
Reve(레브),0
투썸 강서 송정역점,1
카페805,0
큐베리,1
금성,1
더 파크츄러스(PARK CHURROS),1
비온후(Beeonhoo),1
폴스일레븐 숙명여대점,0
카페라쿤,1
더카페엔여의도백화점점,1
카페베네,1
정삼,1
Cafe KOUM,1
엑스퍼트100(Expert 100),0
까페치노,0
디톡시,1
비틀주스,1
애견사랑,1
위드(with),1
고메이커피전문점,1
카페 바라,1
이삭다방,1
연지다방,1
아마존아사이,0
마이C.C,1
엔제리너스커피 석촌호수D/I점,1
위드,1
파트너커피숍,1
애플블러썸여의도2호점,1
핑크하트,1
게스트커피전문점,1
솔트카페,1
식스 플로어,1
처비칙스 압구정역점,1
커피볶는집,0
브레머,0
카페본스,1
넝쿨다방,1
할리스커피 노원2호점,1
할리스국회앞점,1
카페 에스프레소(Caffe Espresso),1
랑송,1
지뎁스스터디라운지,1
천천히,1
카페 따띠(Cafe TaTi),1
카페보아즈,0
한마당찻집,1
대우다방,0
동샘,1
보트르슈와,0
커피온리 시청점,1
늘봄카페2호점,1
마이빈,0
민속마을,0
약속다방,0
다문화카페 알이랑,0
리브스,1
달리는 커피 개봉점,0
할리스(Hollys) 은평구청점,1
팥이재,1
황금애카페,1
업타운카페,1
블레싱플라워카페(blessing Flowe,0
놀이,1
스타벅스수유역점,1
더메두푸시,1
덩크슛,0
산호다방,1
송정뜨락,1
뜨락다방,1
죠샌드위치,0
카페아모제,1
구민다방,1
오다 (OHDA),0
BJ(야곱의 축복),0
설빙,1
카페 또로고스(Torogoz),0
맑음,1
(주)그림커피,1
스타벅스 서초구청점,1
까페삐삐넷,1
주)해마로파파이스올림픽,1
BC 800,0
일번출구,0
오페뜨 마포지점,1
카페브로(cafe bro),0
커피나무,1
체크커피전문점,1
세네모,1
공린가,0
반지만들기카페건대점,1
토스트럭 강남역태극당점,1
메홀라카페,1
안단테,1
사카,1
웜블루(WARM BLUE H COFFEE LAB),1
스타벅스 숭례문점,1
디유케이커피(DUK COFFEE),1
잇츠마카롱,0
커피앤그릴,1
GS25연남경성점,0
매머드커피 강남대로점(114호점),1
쉐네커피점,1
스타벅스 예술의전당점,1
샘이 깊은 물,1
더블에잇(Double8),0
쁘띠렌,1
오리지날킬리만자로커피,1
에이미스 코웨이점,1
커피판다,1
빽다방 약수역점,1
까사잼,0
셀렉토커피 마곡 LG사이언스점,0
쁘띠렌,1
프린세스머핀,1
스타벅스역삼예지점,1
엄지다방,1
탐앤탐스,1
다과상사,1
프라자,1
샵플레이스,0
베이크 인 나폴리,0
챠빈,1
콰스타,1
떼루와 스카이돔점,1
쟈뎅커피타운,1
더랩 서울대사범대점,1
마이 빌러브드(my beloved),1
카페동네최강,0
(주)씨엘푸드,1
쥬씨 옥수역점,0
셀렉토커피 개포동점,1
롯데푸드(주) 커피구로점 AK,1
산,1
펀데이,1
카페쿡키스,0
헤르지움,0
위드유용산카페,1
쑈커피전문점,0
투더디프런트 (TO THE DIFFERENT),1
샤론,1
카페이유(cafe 2U),1
(주)커피빈코리아 강남역GT타워옆,1
장군다방,1
팝퍼블,0
타임다방,1
돌다방,1
본조비커피숍,1
페라,1
런던아이,1
커피온리(영등포구청역점),1
카페다온,1
호수,1
시애틀즈베스트커피,1
티티카카,1
스타벅스큰길타워점,1
커피앤,1
고메이커피점,0
연수커피,1
카페25초,1
사랑,0
챔프,1
라포르뜨,1
부름,1
만랩커피합정역/딜라이트점,1
매키스(동부이촌점),1
중앙다방,1
톰스캣,1
카페 루앤비,1
동경,1
셀렉토커피,1
캠토,1
프랭크 서울 염창점,0
요거프레소(YOGER PRESSO),1
스위티(Swee Tea),1
블루하임,1
프린세스카페,1
커피앤,1
영다방,1
EDIYA(이디아)창신점,1
캐리마켓 가로수길지점,1
다음 COFFEE HOUSE,1
에스메랄다,1
장롱 커피,1
라썸(RA SSUM),0
골든스토리,1
빅뱅,1
레이디로스터,0
카페레인,0
커피엔샌드,1
독수리,1
빈트리 200.25,1
누아르블랑,0
cafe orange(까페오렌지),1
이디야 가재울점,1
아이에게 디디피(DDP)본점,1
하나미즈커피,1
한빛다방,0
사운즈굿(sounds good),0
초원다방,1
스타벅스중계역점,1
아이파크문화센터,1
런웨이,1
피카소커피숍,1
녹색지팡이,1
토프레소(강남태극점),0
에덴,1
마리'S 케이크,1
커피 샾(coffee #),1
리플커피건국대점,1
콩볶는다락,1
팡세,1
커피타임즈,0
더 샌드샾,0
쟁반밀리오레커피숍,1
연남동그라미,1
금다방,0
오솔길 북카페,1
스타벅스 중구저동점,1
카페 마리오(3관),0
은지다방,1
삼인(三仁) 커피,1
말랑말랑슬라임앤폰데코카페 노원,0
더스테이,0
요거프레소 서울교대점,1
봉화산커피,1
자연이담,1
고유민속차,0
씨유 독산메이퀸점,1
청록다방,1
팡세,1
카페 따라주,0
쉐프라이더,1
JOSEPH(조세프),1
로즈버드 크레타 망고점,0
종묘휴게실,1
카페베네화양점,1
쏠로 뺄레 떼,0
커피휠(coffee wheel),1
카페피포에스(cafe P4S),0
약속다방,1
띠아모 동대문역점,1
멜팅폼,1
토마토,0
라바앤써브,1
근사한하루merci,1
블랙앤트리,1
K2커피숍,1
붐커피(BOOM COFFEE),1
카페베네,1
카페루앤비홍대점,1
스타벅스 동대입구역점,1
홍다방,0
로뎀나무,1
스타벅스 도산가로수길,1
도산대로1길 12,1
스타벅스 신설동역,1
모이또피자&Grantto,1
데이빈,1
커피랑,1
궁원,1
차담 & 스타일디쉬,1
코디스,1
이디야커피 잠실월드점,1
러브컵(LOVECUP),1
크레오,1
카페인더애틱 Cafe in the Attic,1
클립로데오점,1
드롭탑,1
제너럴포스트오피스,1
수니,0
빽다방 신용산역점,1
(주)티꼼빠뇨,0
소풍,1
드림하이,1
에벤에셀,0
(주)케이아이디코리아,1
블링블링,1
목화다방,1
카페더스노우 신림점,1
커피온리(고투몰점),1
우빈다방,0
스틸,1
플레이스,1
업투홍대점(UB-2),0
엘파소,1
길목커피숍,0
백설,1
빅솔트,1
(주)서강라이프케어,1
쵸이스,1
들무새,0
필소굿(Feel So Good),1
동진,1
킵커피숍,1
반스커피,0
363 바이 아이디어 그룹(363 by i,1
카페앤테리아,1
더치공방휴,1
리틀블라썸,1
포티올리,0
빌리엔젤 마곡점,1
카페다 커피(독립문점),1
브리즈 브이알 까페 잠실새내점,1
플레이독스,1
태틀러커피,1
영진다방,1
이디야커피합정LIG점,1
100%오리지널커피,1
지유명차 종로점,1
마노핀 면목역점,1
알로화,1
블루포트1호점,1
카페붐벅,0
CoffeeZip,1
케레스,0
학화호도과자 서초점,1
포트오브모카,1
공감피움(구립도화청소년문화의집,0
성진다방,1
크런치오븐,0
온유케이크,1
메카다방,1
이디야여의나루역점,1
나무종쇼콜라티에,1
양재최고주유소,1
엔젤커피나라,0
cafe 제페토,1
아리스타,1
캠프커피신정점,0
코코무드,1
(주)미셸푸드 카페 안젤로,1
아래로다방,1
라스베이글재화스퀘어점,1
아이리쉬,1
부림다방,1
아리카페,1
필드커피전문점,1
리치빈스,1
스터디카페,0
달콤커피 대학로점,1
핑크커피숖,0
보디가드,1
빈주택,0
그라찌에,0
스무디킹 광화문점,1
541 CAFE,0
커피브레이크,1
가온길 삼성타운점,1
투썸플레이스(숙대점),1
다소니,0
가름커피(GALM COFFEE),1
테이크파이브,1
잠실수양커피숍,0
셀람(SELAM),0
COFFEE R(커피 알),1
드코닝,1
베리하우스,1
모카하우스,0
밴센느서초점,1
CAFE,1
착한커피,1
루토리,0
카페 디오이오,1
푸론트커피숍,1
제너러스 커피,1
다락방 사주카페,1
버터럼,0
까페 베라,1
테르미니,1
주쿠크레페,0
원커피숍,1
메가엠지씨커피 강동구청점,1
이디야,1
커피101스트릿(당산점),1
첼로커피전문점,1
노빈,1
프롬하츠커피장안점,1
카페 나이로비 선릉점,1
설나루,1
가배나루,1
포에이블,0
수목,1
청솔,1
빈커피숍,0
카페몬스터,1
공차서여의도점,1
쥬씨 수락산역점,1
매머드익스프레스 우림블루나인(3,1
커피앤제이,0
이니스프리 명동점,1
망고코코,0
신사마을공동체위원회,1
바른찌개 월계점,1
커피홀,0
소리사랑,1
스타벅스커피 보라매대교점,1
딜리셔스플라워,1
리퓌,1
참새방,1
하늘원두커피전문점,1
요거프레소 공릉역점,1
79 THE LAB,1
피아노커피숍,1
스토리 원 커피,1
카페도쎄(Cafe Doce),1
자리(jari),1
호밀빵 통밀빵,1
봉당,1
커피아카데미,1
청솔다방,1
단수이대왕카스테라건대점,1
꿀잠,1
카페 서리,0
불루마운틴,1
공차 은행사거리점,1
카페루앤비,0
종로다방,1
카페인프라,1
와이디(YD)레지던스,1
아크로커피전문점,1
업타운카페LG마포점,1
(주)프랜즈디자인,1
카페 다빈,0
빈스케치,1
커피나무로,1
다사랑,1
북찌,1
찰리브라운카페 강남점,1
커피(coffee),1
캘리포니아,0
타임다방,0
커피콩깍지,1
백운다방,1
502커피,1
나무,0
가야다방,1
커피뱅크,0
일프레도,0
9cafe,1
스토리,1
에프엠커피숍,1
커피베이(목동점),1
셀렉토 커피 홍제점,1
VR카페,1
어반팟,1
에스프레시보,0
요거프레소영등포도림점,1
까페 드 도서관,1
(주)공차코리아,1
팔공티롯데백화점영등포점,0
빅토리아 가든,1
동아다방,1
킴메이드,1
쿠퍼스커피전문점,1
대교,0
펄베리,0
에네스,0
뇨뇨(nyonyo),1
스타벅스 목동행복한점,1
스노우폭스 플라워스,1
다린,1
보아스,1
몽바커피,1
아라코(주)삼양사,1
(주)두산카페 네스카페 명동점,0
고향다방,1
이디야커피(화곡역점),1
(주)커피빈코리아 명동나인트리호,1
초원다방,1
커피하루,1
낭,1
오늘도반가워요,0
석관동떡볶이 대학로점,1
이디야까치산로점,1
도화타워까페,1
엔터브이알카페 강남역점,0
모아아트,1
그리다 꿈 강남역점,0
코와핀,1
체터,1
카페쿠치나,1
기타플랜트,0
네스카페목동반디앤루니스점,1
지오,0
얌얌브레드,1
CAFE그리다,1
로덴부르크커피앤버거,0
카페소이,1
카페 라엘스(Cafe RAELS),1
대호다방,1
삼성웰스토리(주) 리아체생명,1
아카프(AkkaF),1
와플대학 충무로역캠퍼스,1
가네모찌,0
금다방,1
마샹스(Ma Chance),1
요거프레소회기역점,1
고려다방,1
커피플러스,1
커피타임,1
카페임,1
노리(Nori),1
쥬씨당고개역점,1
빌레뜨 커피(villette coffee),0
데미타스,1
비노앤빈,0
스타벅스커피 강남대로점,1
카페모인,1
탐앤탐스 성신여대점,1
삼성수카페,1
상록수,1
현대커피숍,1
버블핑거경희대점,1
제시카,0
모던원두커피전문점,1
스위트몬스터 교보문고 강남점,1
마부여의도스크린승마,1
남산학사 카페,0
샹그리라,1
쥬씨,1
떼르드글라스화곡우장산점,1
네스카페 청담 알로프트호텔점,1
유로스타커피(수유점),0
푸에르(PUER),1
민들레다방,1
갤러리 아토아트,1
한마음유통,1
블러셤(BLOSSOM),1
별빛창가,1
카페에이치에스(CAFE H.S),1
커피랑도서관,0
카페위드,1
락,1
팡세,1
인터뷰,0
로사,1
이스턴 크림치즈,1
태양커피숍,1
오사카야끼,0
해나무일터,1
리틀제이콥스 서초점,1
까페띠아모,1
까페스테프,0
엔제리너스아트몰링장안점,1
역전다방,1
커피마루,0
셀렉토커피(등촌성당점),1
그린마일커피,1
커피빈 행사장,0
퍼즈카페 보라매점(PAUSE CAFE),1
내방주유소,1
아지아토,1
카페지니,1
로즈버드,1
비스켓,1
미삼쥬씨,1
도도야커피(DoDoYa coffee),0
별채다방,1
알프커피전문점,1
빅파운드커피,0
아이엠푸드스타일리스트,1
희와래커피로스터스,1
영일다방,1
잉카,0
경마,1
부엔디아 (Buendia),1
브레드박스(BreadBox),1
민커피숍,1
카페인버스 대학로점,1
홈스테이,0
카페나인,1
커피브라운,1
미스쇼콜라,0
제일,1
공린가,0
법학관 카페,1
심플리 굿,1
캐리온,0
커피터치,1
비버리지클럽,1
윙스커피(wing`s coffee),1
와이비엠 카페익스프레스(YBM Caf,1
커피베이 이문점,1
미니멜츠 라붐점,0
노브커피전문점,1
(주)질시루,1
하이빈,1
코디다방,1
오가다,1
필드,1
커피베이 상도파크자이점,1
칼라,0
카페라샤워(Cafe la shower),1
(주)효온켐,0
남경,1
카페 쥬티스,1
(주)두산카페네스카페신사점,0
카페베네,1
봄봄,1
빽다방 왕십리역점,1
포코아포코,1
브레댄코,1
쁘띠꼬모,1
더브라운이태원점,1
그린다방,1
쎄라 앤 브라이언,1
미투,0
노브랜드버거 경희대점,1
카페플라워,1
반미팩토리,0
솔밭다방,1
성심,1
카파커피,1
테이크아웃,1
스위트카페 충무아트홀점,1
오리지널빈스 서울스퀘어점,0
케이쿠,1
레오날드,1
동아쏘시오그룹쉼터,1
서양찻집,1
커피스미스 삼청점,1
띠아모쌍문동점,1
플리즈커피 상명대점,1
에쏘드립(EssoDrip),1
스웨이하우스,0
투썸플레이스 순화동점,1
부엉이박물관,0
(주)커피빈코리아 여의도역점,1
우성,1
후암동커피,1
케이포크,0
이디야노원중앙점,1
필레오,0
카페 오가닉,0
언니의_테이블,1
소금별,0
콤마커피,1
카페두,0
브로슈어,1
Moon Rabbit(문 래빗),1
이디아커피 천호초교사거리,1
사카커피전문점,1
에스프레소는진짜다,1
재단법인(주)바른손 사내근로복지,1
탐앤탐스 무학여고점,1
바나나트리,1
이디야커피(공릉중앙점),1
마포구고용복지지원센터(북카페산,1
쥬씨국사봉점,1
아자부(동부이촌점),1
비너스,0
폴링,1
프레쉬런치,1
사랑이라는 이름을 더하여,1
이야기보따리,1
카페가나르(CAFE GANAR),1
엔제리너스커피롯데시네마건대점,1
베러덴와플영등포동점,1
카페톤(KAFE TONE),1
나누고더하기,1
사카,1
피어라희망카페(필름포럼),1
커피모아,1
용궁커피숍,1
홍삼세계,0
스타벅스공덕,1
금산,1
나이스데이,1
어나더 나니아,0
사회교육관 휴게음식점,1
스쿨,1
오성쉐이크,1
투썸플레이스 경희대점,1
금산인삼집,0
카카오 팩토리,1
키스커피전문점,1
스노우마운틴현대천호점,1
카투라,1
달달해,1
인터라켄,1
첼시커피전문점,1
(주)커피빈코리아 IFC MALL 2호점,1
롯데브람스,0
카페하루,1
이디야커피묵동점,1
브솔시내,1
카페드림,1
보그너 커피,1
이디야(서초우성점),1
이디야 커피,1
칼럼,1
아디나,1
펠어커피,1
커피크루,0
골든 라이언(Golden Lion),0
이디야 커피 한성대역점 2층,1
사카커피전문점,1
커피몽크,1
탐앤탐스 신촌점,1
카페길버트,1
엉클제이콥스,1
호수다방,1
토프레소 방이시장점,1
그린커피숍,1
필리커피전문점,1
단빙각,0
키즈봉봉청담점,1
시드누아 노원본점,1
토지,1
크레이저커피 잠원점,0
북카페산책3호 산학협력센터점,1
빅컵커피,1
씨커피,0
프라미슈,1
초원,1
지젤,1
메가엠지씨커피 까치산역점,1
데미타스,1
카페 인,0
커피온리(COFFEE ONLY),1
카페717,0
테이크아웃 스토리,1
커피홈(COFFEE HOME),0
등촌빈스토리,1
우이동다방,1
수정,0
씨유 잠원새롬점,1
스타벅스타임스퀘어B2점,1
인흥다방,1
왈츠,1
카페모퉁이,1
토프레소 상계역점,1
한강다방,1
라잇미,1
가온길,1
폰까페(cafe),0
시애틀 에스프레소,1
헤미(HEMI),0
아이리스커피숍,1
할리스(샹제리제점),1
커피 가지고,1
커피공장,0
나스토비아,0
탐앤탐스강서구청점,1
뿌리다방,0
아로이커피,1
코피발리 안국점,1
에스오에스커피숍,1
엔제리너스커피 롯데몰 은평B1,1
씨유 관악한샘점,1
이가커피솝,0
영다방,1
북카페,0
포르테커피전문점,1
오드워터,0
오가닉커피,0
수도다방,1
브레머,1
J'S 오병이어,1
에그셀런트 경희대점,1
이디야 등촌동점,1
한조와 태연,1
카페비,1
카페 420(caffe 420),0
줄리의오븐,0
아티제,0
커피 앤 프리,0
컴온,0
카페문(Cafe Moon),1
마고가이아,1
파초,0
셀렉토커피영등포아크로타워점,1
원추(ONE CHU),1
스타벅스 구파발사거리,1
칼로아커피전문점,1
끌리앙(Client),1
우리함께,0
준(JUN),1
시선(Siseon),0
팀베리카페 성북점,1
구운몽,1
그린클럽,0
이디야커피 동대문점,1
정류소앞카페,1
샌드랑,0
쥬씨(태릉입구역점),1
잉큼,1
샤넬,0
에스프레소인뉴욕,1
요거프레소 태릉입구역점,0
선 휴계실,0
마크툽카페,0
설빙서울중앙대점,1
토프레소(장안점),0
그레이스쉘터,1
카페쿠잉,1
(주)파리크라상 파스쿠찌 서울역2,1
카페IMT,1
만랩커피묵동점,1
일목,1
해밀,1
오롯이(OROSI),0
발리,1
카페 낀디오(Cafe Quindio),1
메디아커피숍,1
철은프라자(예일타운),1
왓어블랭크,0
잠원 빈스토리,1
민트랩(MINT LAB),0
팔러엠(Parlor M),1
(주)커피빈코리아 매헌역점,1
공차아차산역점,1
코페커피전문점,0
커피를마시다(DRINKYOURCOFFEE),1
GS25 독바위역점,0
이니스프리그린카페신사옥점,1
퀴즈노스,1
수정다방,1
경남커피숍,1
에그번,0
아소프로아Ⅰ,1
감도,1
에이그레이트 도심공항터미널점,0
아로이(홍은벽산),1
에어라인,1
씨디씨로스터즈,1
카페센티모르대치점,1
동구전자티타임,0
버즈(BUZZ)종로점,0
탐앤탐스,1
한손에커피,1
고디바 (GODIVA) 눈스퀘어,1
카페홀릭,1
카페자우,1
비엔나,1
돔카페(Dome Cafe),1
카페제이,0
까페바소,1
카페 봄날,1
리우스티하우스(LIU'S TEA HOUSE),1
롯데,1
오렌지,0
대경다방,1
모닝,1
코레일유통(주)커피앤스위트,1
오피바이비,1
요거프레소,0
오크클레식,0
하이텔,0
스튜디오애플,1
카페,0
브라우니,1
요그릭(Yogreek),0
드가,1
겟썸커피,1
커피베이 고덕래미안점,1
커피데이,1
파넬커피,1
(주)더스토리존(미스테리커피존),1
사랑사탕커피숍,1
까페익스프레스역삼점,1
카페라비타(Caffe la Vita),0
녹음,1
브레머,1
커피베이 양천향교역점,1
할리스커피,1
실로암 에스프레소,1
마마미아,1
모두다가치 카페,1
카페베네,1
티지아너,1
서광커피숍,0
더치앤빈 문래점,1
커피칸타타,1
커피마마 미아경남점,1
진락,0
엔아미,0
카페집(Cafe ZIP),0
빈스브로,1
나띠르,0
카페드아야,1
순수자연식빵,1
영,0
크리미티,1
투더디프런트 강남대로점,1
로코코,1
힐링카페,0
잇커피(EAT COFFEE),1
에잇디카페,1
커피코트 우림블루나인점,1
쑈노커피숖,1
엘림,1
씨이,0
커피베이 까치산역점,0
엔제리너스커피,1
몽쁘티,1
글로리아진스,1
콩하나,1
탐앤탐스 탐스커버리 강남점,1
히즈커피(HIS COFFEE),1
커피 내풀로,1
이모티아(emotia),1
파스쿠찌 예술의전당점,1
(주)씨케이유통,1
노바,1
(주)공차코리아 종로타워점,1
마로니에,0
르씬느도르,0
커피앤,1
카페 라베이크(CAFE LABAKE),0
뜨레모아,1
마이빈,0
카페 마가렛,0
카페 카모그라프,1
단미소,1
탐앤탐망원점,1
트립티커피 삼성점,1
파파샌드,1
신라원,1
다동커피집,1
룸스룸스,1
필링,1
콕시넬,1
유로시안 동대문점,1
선릉110,1
케익겔러리,0
세종,1
카페 후(CAFE HOO),1
더타르트,1
주식회사하울팟,1
안풍커피,1
커피크루,0
포도나무,1
북카페보카9 (VOCA9),1
카페베네 고려대중앙광장점,1
엠 커피 카페,1
갤러리아커피전문점,0
커피테르미니,1
꽃샘다방,0
카페그림과꽃,1
PD커피하우스,1
프로방스인,1
떼르드글라스(연희점),0
청학동,1
스타벅스연대점,1
구카페(9CAFE),1
팬도로시동국대중앙도서관점,1
필커피전문점,1
마이빈,0
새날스토리,1
쉼터,0
대덕다방,0
비체레역삼점,0
고로케하우스,1
목련다방,0
클라우즈비(CLOUDSB),1
노네임,1
돌담커피,1
길목다방,0
미인다방,1
요거프레소 동덕여대점,0
cafe snug(카페 스너그),0
카페코츠(CAFE COTS),0
골목카페,1
커피라인,1
쥬씨 강서하이웨이점,0
마운틴,0
토프레소,1
커피박스,1
한티역점 빽다방,1
에스알에스 스튜디오(SRS STUDIO),0
동아다방,1
스타벅스커피 구로디지털로점,1
오목다방,1
나무탬퍼 Wooden TAMPER,1
제닉스(PC),1
스타벅스목동역점,1
(주)커피빈코리아 행사점,0
카페 드 세라,1
나비엔필드,1
(주)워시홀릭분당용인센터,0
말리카(Mallika),1
할리스 문정법조타운점,1
카페육일,0
9월4일,0
샤갈의눈내리는마을,1
폴링,1
이디야 불광중앙점,1
웹툰공작소,0
오래도록 예쁘다,1
이미지맥스,1
뉴스카페,0
궁전커피숍,1
주식회사 미소누리나눔복지센터,1
카페그랑,1
로즈버드(광화문),1
블랑,0
요거프레소,1
거실커피숍,1
두드림,1
에비타,1
이디야(EDIYA),1
카페드롭탑 올림픽프라자,1
매니아,1
골드커피팟(여의도점),1
일신커피숍,0
서울,1
상록수,1
"다방,틈",1
산책하늘도서관점,1
이디야,1
브라운팩토리,1
모델,1
현대휴게실,1
디렉터,1
디어파인(dear fine),1
세븐일레븐 홍은힐튼점,1
하비비,1
더 브라운 광화문 신라 스테이점,1
스윗트번스,1
언더프레셔,0
리브스,1
C.F커피전문점,1
연주나라,1
cup and cook,1
샤빌레,1
시티오브에스프레소,1
로스터리 요정,1
굿모닝,1
인더스토리,1
카페힐스,1
Cafe W(카페더불류),1
피베리스커피,0
수가(soo'ga),1
월드컵다방,0
써니사이드카페,1
우리바둑까페,1
더벤티 천호로데오점,1
칸타나커피전문점,1
스타벅스(테크노마트점),1
카페테라스,0
해피플레이스,1
카페2001,1
금요일다섯시,1
미가엘,0
해태프라쟈커피숍,1
나라플라워커피전문점,0
블랑쉬,1
반올림,1
포스빌커피숍,1
더랩 서울대점,1
신떡순(약수역점),1
카페리앙,1
뮤랭커피전문점,1
Cafe Rani(카페라니),1
카페엔,1
스타벅스 압구정로점,1
루찌오커피,1
카페베네 청담파라곤점,1
예당,0
파스쿠찌역삼스타점,1
뚜르비옹,0
맹쿤,1
카페알토,0
순,1
까페아인,1
민커피숍,0
쥬스나무,1
GS25연대동문점,1
커피아리아,0
투썸플레이스 혜화로타리점,1
쥬씨상수역점,1
예다원,1
아리스타커피숍,1
스타벅스커피 서울고속터미널점,1
애견카페 서울리버티벨,1
수진,1
(주)파인 신촌역상가2호점,1
굴리엘모,0
한방찻집,1
스위트밀 강남반포점,1
오렌지,1
브레머커피,1
공사,1
란진카페,0
건배,1
키리에 커피(KYRIE COFFEE),1
서울고로케앤커피,1
탐앤탐스,1
함께하는 문화,0
파스쿠찌도심공항점,1
미술관커피,0
청춘고양이카페상수점,0
정,1
쥬씨(우성사거리점),1
모토(moTo)빈,1
타임커피숍,0
디어커피(Dear Coffee),1
카리스아트,0
스카이커피숖,1
설궁다방,1
벽산,1
미시령,0
서울연인단팥빵,1
쥬씨,1
녹원,0
송파커피숍,1
홀리원코리아,1
수정커피,1
씨드앤너츠목동1호점,0
다랑,1
오케이오케이,0
커피뱅크,1
에이프릴.05,1
커피볶는집아띠,1
내가 만든 미 케익,1
두레커피숍,0
양자호떡,1
할리스커피 구로디지털뉴스테이점,1
천사(1004),1
망고식스역삼점,1
풀코스,0
아래이,0
목단 꽃이 피었습니다.,1
CAFE 달로,1
원커피숍,0
레이빈커피당산점(RAY BEAN COFFE,1
(주)피오니케이크,1
커피야(COFFEE YA),1
스타벅스 신촌점,1
디초콜렛,1
로스터리카페 달공장,1
길다방,1
씨제이푸드빌투썸KIAFF2,0
트윈,0
에이플러스카페,1
몬트,1
청,1
플랫커피(FLAT COFFEE),1
미원,0
바리스타커피,1
모멘토모리(Momento mori),1
(주)커피빈코리아 방배역점,1
카페베네 사직공원점,1
이디야커피(사당중앙점),1
인스테이피씨카페,1
(주)보나비 아티제 면세2점,1
행복한베이커리&카페 은평병원점,1
커피테리어,1
Anne 카페,1
초원커피숍,1
쥬씨(가양점),1
카페아즈,0
오디너리웍스(Ordinary works),1
뉴로비,1
홍진다방,1
고향다방,1
테이크아웃이프,1
서울커피 현대백화점 무역센터점,0
씨지에스우리밀통밀한빵,0
높이나는새,1
산성다방,1
모리(MORI),1
토프레소 역촌역점,0
커피치노,1
모아크시실리아점,0
맨투롱(mantworon),0
더드림 카페,1
피제이커피숍,1
빈 트리 200.25,1
커핀로프 충정로점,1
달콤커피 신대방점,1
레끌라,1
해피데이,1
할리스커피(HOLLYS COFFEE),1
파인트리(Pine Tree),1
무비,0
희망카페1호점(해누리타운),1
강변에서,1
린스카페(RIN's cafe),0
베리빈스,1
베이크하임,0
이디야커피 자양동점,1
릴리,1
인디안추장,1
하와이,0
포라비(FOLABI),1
별다방,1
스타벅스 서강광흥창역점,1
뚜요,0
세자르,1
목화다방,0
꽃샘다방,0
빌리엔젤용산아이파크몰점,1
빌리엔젤케이크(BILLY ANGEL CAKE,1
카페베네 장안점,1
제니스 스넥바,1
이모네분식,1
토드,0
커피램(coffee lamb),1
현대내추럴라이프,0
Take Coffe(테이크 커피),1
커니셔,0
투썸플레이스 삼성로점,1
55커피,1
피타보노마포점,0
(주)브랜드맵,0
로즈버드,0
쥬씨,1
로코코,0
카페다래지나,1
킹스커피,1
오픈카페,1
라뮤지까커피&쥬스(la musica),1
Cafe um plate(카페움플레이트),1
에스피씨 멘디니 카페(SPC Mendin,1
카페톡,1
아인,0
이제이스까페,0
서원커피,1
오다가다,1
홍커피,1
로로CAFE,1
카페컴온,1
코스마이코리아,1
미스사이공,0
커피타임,1
하비비,1
투썸플레이스 개롱역점,1
토프레소(양재일동제약 사거리점),1
커피버스,0
지에스25 종로YMCA점,1
쥬씨 명동역점,1
신곡다방,1
플러스골드,0
초원,1
cafe 뜨레,1
호지,0
글로리아진스커피,0
올그린커피전문점,1
코프컬라지(coff collage),1
나무미,0
플로씨 케이크(flossie cake),1
나무네요프롤아트커피,1
리틀제이콥스 프리미엄 서초점,1
유로스,0
LEDOLCI1946(르돌치일구사육),0
에데니스,1
커피집,1
쁘띠까페,0
하나벤딩(주)김포공항점,1
카페봄봄 잠실야구장점,1
애플짐 주스바,1
카페일이구일일,1
ONE SUGAR DAY(원슈가데이),1
카페미엘,1
하늘바라기,1
카페데미안,1
(주)초이락컨텐츠팩토리,1
육교다방,1
델리뉴스,1
(주)커피빈코리아 경희궁의아침,1
이디야에스프레소신설점,1
아톰프라자,1
쌀롬,0
제이제이베이커리,1
테스,1
주스탐홍대,0
갤러리라운지,0
미소커피숍,0
카페 디 아뜰리에 코코인(Cafe de,0
카페웅,1
예츠,1
서울R&D캠퍼스1 커피앤,1
약천,1
메자닌,1
이디야성바오로점,1
프렌즈,1
헬로키티,0
디톡시(DETOXI),1
커피빈코리아 올림픽플라자점,1
cafe nox(카페 녹스),0
보노보나마포합정점,1
커피베이,1
카페 허,1
모노레일 에스프레소,1
은성,0
슈퍼사이즈커피 마곡점,1
참피온,1
컴플렉스2,1
(주)엘에스씨푸드(티원자력),1
폴링남대문점,1
스트라다로스터스(STRADAROASTERS,1
집중소,1
초이스다방,0
미스터커피종각점,1
맥켄지커피 목동사거리점,1
커피베이롯데청량리플라자점,0
어프러드미아CGV점,0
커피볶는집 바오밥나무,1
나눔피자,0
원스(ONCE),1
디저트카페골드맘,1
그린,1
달보드레,0
(주)레빗브레드 동대문종합시장점,1
스위스워터커피,0
임's카페,0
커피농장,0
빈스브로,1
발리,1
어니스트 하비스트 알앤디 센터,1
라라원두커피전문점,1
타미하우스,1
테라커피숍,1
커피정원,1
예리담,1
커피타임,1
씨유 방배드림점,1
카페제이,0
샤인투데이,0
제이에스,1
칼디커피전문점,1
만화카페 콩툰(대학로),1
커피애플블러썸,1
선다방,1
슬레이어(Slayer),0
민카페,1
인생이야기,1
카페 큐,0
마이빈,0
문카페,0
담,0
카페블롱쉬,0
비비민트,1
커피이즈(coffee is..),1
베티블루,1
탐앤탐스 이수역점,1
다담에뜰,1
향,1
자전거 카페 하루,1
카페에스프레소,1
카페DA,1
리본커피랩(RE BORN Coffee Lab),1
카페 드롭탑,1
커피베리,0
코너(Coner)207,1
커피나무남성점,1
명지원,0
247커피,1
한강다방,1
雪夜(설야),1
dancing choco(댄싱초코),1
엠씨시,1
커피나무,1
정커피숍,1
박스(BAKS),1
제니퍼커피타운,0
페이브(FAVE),0
미스터카페,1
모노,1
텐티북스,0
옥스포드,1
커피정원,1
아이리쉬,1
사랑방,1
이디야커피명동중앙점,1
커피나무 석계역점,1
산호,1
너나들이,0
카페1온스,1
그다방,1
커피 메이드,1
청춘124 역삼점,1
현대다방,1
스타벅스 신세계강남 지하1층점,0
동남커피숖,0
사카,1
투썸플레이스 상봉역점,1
산타나,1
그레이커피,1
스타벅스 소공로점,1
모모웨이,1
올바른커피,1
피아노,1
갤러리,1
맘모스다방,1
역전다방,1
포인트(투),0
컴포즈커피오목교점,1
밀튼,1
이디야커피영등포에이스점,1
그린하우스,1
공습경보,1
마피아커피(숙명여대점),1
파란들,1
환희커피숖,1
스타벅스 신세계강남점,1
갈리아따,0
몽샹 디저트,0
임비스,1
까페베네,1
7번가피자 미아길음점,1
히어이즈유어커피,1
미미다방,0
가든스튜디오,0
(주)디저트힐,1
가비아루커피점,0
만남의장소,1
브이아이피다방,1
라떼야커피상암점,0
오션버킷,1
중랑다방,1
배재란의 커피클래스(이촌점),1
판본다방,1
티제이,1
카페드 스페셜 티스,0
마실래,1
"카페, 맑음",1
카페 듀 디아망,0
하나커피,1
다온,1
아쉬람커피숍,0
핵커피마포점,0
동서울다방,1
커피볶는집 스케치,0
잠브라이삭토스트,1
고려다방,1
이즈커피(is coffee),0
너나들,0
스마일머그커피(Smile Mug Coffee,1
라람블라(La Rambla),1
그루브라운지,0
엔제리너스강남대로점,1
(주)커피빈코리아 테헤란로비젼타,1
블루브릭(BLU BRICK),1
식스 스트링스(SIX STRINGS),1
캐슬힐,1
와이키키,0
카페 봄날,1
카페사푼사푼,0
코베티 서울호텔관광직업전문학교,1
아니비커피전문점,1
카페디오,1
커피하우스,1
티.제이커피숍,1
킹콩쥬스 앤 커피,1
카페부오노한전병원점,1
휴(HUE),0
대일다방,1
로즈버드경희대점,0
유정다방,1
도깨비 커피,1
엔제리너스커피 신논현점,1
탐앤탐스 목동야구장1루점,0
장미,1
카플러스,1
쇼팽,0
포액스,0
클립에스프레소,1
타코여의도점,0
쁘레또 코엑스점,0
패기파이(숙대점),1
탐앤탐스,1
차중의차(Tea of teas),1
그린컵연대점,1
드림커피솝,1
호수커피솦,1
셀렉토까페,1
유니크,1
원희다방,0
심플커피숍,1
모꼬,1
우성커피숍,1
쿵짝쿵짝 공작소,1
캐쉬,1
(주)커피빈코리아IFC MALL 3호점,1
비앙비앙(Bien Viens),1
니믈뫼셔,1
금호커피숍,0
반가의디저트,0
에셀나무,1
써브웨이 종로5가점,1
호시,1
람바다커피숍,1
마피스커피숍,1
옵션커피숍,1
팝콘인터넷카페,1
베네 동묘역점,1
커피아르떼,0
써너스,1
커피&분식,0
책과커피,1
우자매,0
미로,1
요거프레소 고척프라자점,1
이디야 예술의전당점,1
명커피숍,1
커피플리즈,0
네스카페(남산점),1
아브릴케이크(abril cake),1
하이빈,0
쁘띠베네,1
커피식스 컴퍼니,1
법향,0
(주)어반로즈,1
오월,1
디저트39,1
탐앤탐스 대학로2호점,1
하람,0
더(The)좋은생각,0
노란손수건,1
티앤티라이프,1
세븐일레븐 태능입구역점,1
아반다방,0
원다방,1
마코카페,0
투캅스,1
꿀다방,1
씨네하우스,0
카페노아,1
위한,1
산하,0
까메오,0
스타가든,1
요거프레소YOGER PRESSO(신길썬프,1
메이쥬르(mai jour),0
더커피빈 앤 티리프,1
빈,1
마키아티,1
옆집에얼룩말,1
더 카페,1
성화,0
카페파라디,1
푸른언덕,1
커피예술,1
디초콜릿커피앤드,1
언약커피하우스,1
포인트,0
요거프레소,1
쉬즈,1
이디야커피 태릉입구역점,1
참좋다,1
접는미술관상회,1
오후의홍차,1
보헤미안박이추커피 상암점,1
카페드림 동양미래대 3호관점,1
빈포유(Bean for you),1
에케(Ecke),1
베어베터현대엔지니어링 카페,1
커피오브웨일(C.O.W),0
셀렉토커피상암누리꿈스퀘어점,1
뽀뽀다방,1
카페 스트라다,1
나인원,1
쥬씨,1
연진다방,1
귀빈커피숍,1
데일리커피,1
스타벅스 종로관수점,1
주은까페,1
커피크루,0
팡세,1
커피담,0
투맨,1
이감각,0
미어캣 프랜즈,0
카페 베이커리 데쏘,1
방배필드,1
원두소년,1
일레,0
보이드,1
뮤즈라이브,1
카페아파시아나또,1
연,1
알리,1
사랑,1
장일커피숍,1
보라매커피숖,1
비치's커피집,1
터,1
라불원두커피전문점,0
몽쁘띠유,1
엔젤리너스 동대문점,1
마들카페,1
댕댕이집합소,1
MMTH 봉천역점(105호),1
커피 이야기,0
아름다운커피,1
이디야에스프레소,1
헬로커피,0
오드리햅번카페(여의도점),0
투썸플레이스 학동역점,1
커피온리 광장시장점,1
대흥동별다방,0
비취커피샵,1
카페 툰,0
쿨스틱(Cool stix),0
드디어 고려대점,1
카페따라주,0
브알라,1
로렌스테이블,1
탐앤탐스 일원점,1
쎄씨커피숍,0
쥬스바(Juice Bar),1
더봄카페,1
커피앤아이스크림(Coffee&Icecrea,1
길가커피숍,1
카페글렌,1
투썸플레이스신세계DF명동점,1
로타리커피숍,1
커피나무장안교점,0
벨라지오,1
커피베이 사가정역점,1
카페플라워,1
느리게 걷는 아이,1
(주)공차코리아,1
다운타운,1
대우커피숍,1
키웨스트(Keywest),0
핵커피(청계다동점),1
시골,1
커피빈코리아,0
파스쿠찌 명동점,1
진서의 정원,1
록키마운틴초콜릿팩토리(ROCKY MO,1
투썸 플레이스,0
라이바VR카페,1
포인트,1
디·마르게리따,0
모눈,1
글로리아진스커피,1
탬버린즈 신사점,0
컬러풀 400g,0
까페모닝,1
카베,1
샘다방,0
다뉴브커피점,1
카페도우(카페 Thou),1
생수다실,0
씨엔씨,1
카페드림(역삼문화센터점),0
더카페,0
요거프레소용산한강로점,1
카페칸타타(문래점),1
스윗메모리(Sweet Memory),0
커피숖,1
핏(FIT),0
커피보노,1
굿커피 충정로점,1
그로웨이브(growave),0
페라,1
진,1
이더블,0
유정다방,1
낙원커피숍,0
로스팅카페(Roasting Cafe),0
쏘뇨,1
스타벅스영등포KT점,1
렌떼논현점,1
커피볶는집,0
라떼가좋은집,1
마노핀이마트명일점,0
다솔,0
이디야,1
빈스투고,0
홍루이젠 청구역점,1
소풍,0
카페인(cafe-in),1
탐앤탐스,1
일쁠루수빠리(il pleut sur Paris,0
파스쿠찌 동대문APM점,1
동방토프레소,0
티엔(tea n),0
커피여행테크아웃,1
엘리스 스픈케익&커피,1
스타벅스커피 강남구청정문점,1
제일다방,1
비엔나,1
커피베이신촌기차역점,1
다랑,1
청춘아 달리자,0
솔다방,1
반지대학강남캠퍼스,1
은마,1
카페베네교보타워사거리점,1
프랭크버거 마곡점,1
카페스콘(CAFESKON),1
스타벅스커피홍대공원점,1
에스파냐,1
클레,0
공간과향기,0
대한적십자사 희망라운지,1
할리스커피,1
유니위스,1
민속다실,1
노란코끼리 커피로스터스,1
색동다방,1
카페793,1
매머드 익스프레스 을지로입구점,1
카페베네안암역점,1
문화방송새마을금고,0
커피더캠프 KBS스포츠 월드컵,1
퍼스트클래스,0
커피스트릿(Coffee Street),1
코너594,1
오렌지,1
아리아(AREA),0
아트(#ARTS),1
나이쓰투미츄,1
커피그리고,1
쿡팬하우스,1
커피 파일럿(COFFEE PILOT),0
캐슬,0
꼬마비다방,1
마노핀창동역점,1
대지다방,1
오설록,0
옐로우문,1
소현초콜릿공방,1
카페가배,1
우리의 아지트(our 아지트),1
메디아,1
피카아이,0
CAFE TENUTO 테누토,1
루나,1
투썸플레이스 상암팬택빌딩점,1
퍼멘트,0
투썸플레이스 강남대로1호점,1
곰다방,1
카페플랫,1
대신다방,1
카페청운(靑雲),0
샬레,0
잠바주스 강동경희대병원점,0
셀렉토커피 역삼점,1
드림,1
보다카페(BODA카페),1
어게인,1
데니스커피(역삼점),1
효커피숍,0
미진,0
덩크슛,1
커피플러스,1
한성다방,1
커피스미스 등촌역점,0
둥지다방,1
퐁시(PENSEE),1
베네벤토피자부페,1
앤티앤스,1
수커피,1
바젤,1
할리스커피 동대문역사문화공원점,1
바미,0
두원,1
리앤컴퍼니(Ri&Company),1
서울 에스프레소,0
훼미리마트 방배이수역점,0
CRU(씨알유),1
더기쁨,1
나너다방,1
이디야 커피,1
아폴로커피숍,1
마르스(MARS),1
키스더티라미수 현대무역센터점,0
이디야에스프레소,1
이디야커피(신림패션문화점),1
카페여기,1
오프더쉘프(offtheshelf),1
로시,1
카페쁠레노(cafe pleno),1
대공원,0
쥬스스타,1
아이엔지피플,1
서울다방,1
라라스커피,1
퍼플피씨(퍼플PC),1
투샷,1
옥정,1
유올,0
습관,0
가베,0
샬롬원두커피,1
냥이네,1
나우픽,0
옷장속 커피,1
보바익스프레스,1
엔제리너스,0
다비오다,0
아름다운커피,0
스토리인제주,0
길머리커피숍,0
훌라밍고,1
하이델,1
네모 커피숍,1
네오아티잔루브리카카페점,1
제니스까페,1
목(MOK),1
다인스카페 연지점,1
caffe foresta 카페 포레스타,1
동자희망나눔센터,0
팡또아,1
샌드프레소 구로디지털단지점,1
정,1
레가(Rega),1
꿈꾸는블럭,1
커피홀릭,0
애플커피숍,1
마이버터드림,1
Counter Culture Coffee,0
스누,1
에스엠,0
키요스크샌드(Kiosk sand),0
썬커피숍,0
파스쿠찌 세종문화회관점,1
애경커피숍,0
커피나무cafe,1
아마폴라델리삼성점,1
동호커피숍,1
샹그릴라커피전문점,0
포르스(fors),1
욜로,0
(주)포레스트힐,0
엔제리너스커피 서울극장점(Angel,1
아라폴리,1
씨엔엔카페 종로점,1
켄토스,0
베스트빈,0
헤르츠 인타임카페(Hz inTime Caf,1
스타벅스순화동더샾점,1
정원수,1
이즈커피전문점,0
달달모먼트,0
요거프래소 가락1호점,1
갤러리아커피숍,1
탐앤탐스 잠실본점,1
로즈버드(서울대점),1
커피빈 행사장,0
바자,1
베스트빈,1
커피 체리,1
어린왕자커피숍,1
아그레아블,1
옥스포드키친,1
샤갈의커피농장,0
대림커피숍,1
엘리스,1
아로마티조,1
Silas(실라),1
카테나(CATENA),1
엔제리너스To샵(합정),1
시즈쿠치즈수플레,1
메모리,1
대중음악박물관 카페,1
터치바이,1
플라잉라운지,1
카페102,1
라치몬트,1
수다,0
신호,1
레몬트리,1
원다방,1
장사찻집,1
미소,1
퀸커피전문점,1
도시공원,1
달커피,1
진흥스포츠,0
에그스탑 가산디지털점,1
아띠그린(Atti Geulin),1
해피까페,1
라떼르카페,1
카페제이,0
영커피숍,0
요거프레소마포도화점,1
행복담아,1
엘,0
프랭크타운,1
바글,1
팜스,0
발리,1
리얼빈,1
가까운카페,1
커피 바실리아(COFFEE BASILLIA),1
95도C coffee & 생과일쥬스,1
미스라테,1
미니스톱수유신성,1
커피7098,1
제이스커피나인 교대점,1
별다방,0
커피 꿈다락,0
엘리스,1
에이미스커피,1
인벤토리카페,0
라이언 카페,1
이피티(EPT) 커피,1
가배 팩토리,1
대림착한커피,1
행복,1
투맨피씨카페,1
Lily Blanc(릴리블랑),0
쥬씨신곡시장점,1
동네목수의 작은카페,1
서서카페,1
이디야 오류남부점,1
스타벅스정부서울청사R,1
마리웨일마카롱 상암SBA점,1
카페이즈보르(IZVOR),0
링,1
북카페 감비,1
코엑스몰점 오가다,1
이디야,1
드래그,1
하겐커피,1
디자이너스 카페인,1
셀렉토 커피 미아트리베라점,1
와플즈업,0
스타벅스삼선교점,1
이디야(한신대점),1
에리스원드커피전문점,0
휠링커피숍,0
이솝이야기,1
파스쿠찌 잠실역점,1
째즈,0
메디아커피전문점,1
디자인가구편집샵 W101,1
현대다방,1
카페일노베,1
매머드 익스프레스 서초법원점,1
첼로,1
오리진,1
고리찌아나 카페(Goriziana Caffe,0
더프레쉬,1
예츠,1
작은커피집,1
"물오름달,하루",1
롯띠,0
그랑,1
리떼,0
마마누,1
이지웨이 두산타워점,1
먼데이피크닉,0
요거프레소 방배점,1
라멜라,1
G-CAFE,1
익살스런 상상,1
바르다김선생당산역점,1
다일루트커피,1
국커뮤니케이션,1
아이엠,1
현대다방,1
느티나무,0
밀라노커피점,1
미스터도넛 역삼역사점,1
황실,1
엘스,1
민건강찻집,1
까페루고강서NC점,1
이디야 종합운동장역점,1
슈필렌,1
미펠커피전문점,1
자작나무,1
미어켓 파크,1
미라이스테이션,0
보디가드,0
아라코(주),0
피플,1
황실다방,1
약수빈스토리,0
별,0
앙트레,1
레이니어 에스프레소,1
Du Kong market (두콩상회),1
망고식스(미아현대),1
오가페 광화문점,1
빛나는맵시,0
다사랑,1
BONGJA(봉자),1
허클베리핀,0
와플반트,1
삼맛호오떡,1
스타벅스 왕십리역점,1
오스베이커리 엔카페(OS Bakery&c,0
달꿈남매,1
사카,1
디 초콜릿커피 대학로점,1
수요일,0
하나커피숍,1
스타벅스-한양대점,1
봄.여름.가을.겨울,0
콤마커피전문점,0
거멧드커피(Gourmet de Coffee),1
엔제리너스 신도림테크노점,1
호디박스,0
(주)공차코리아 파르나스몰점,0
벨류업커피컴퍼니(Value Up Coffe,0
첼로,1
자바씨티 삼성점,0
더칼라,1
카페마리,1
치즈까페 썬리치,1
디드릭커피전문점,1
스트릿커피(Street COFFEE),1
덕수,1
레이오버(Lay over),1
현,1
훼밀리다방,1
투썸플레이스 묵동자이점,1
두루마리,1
비서실,1
카페동동,1
이디야커피 암사중앙점,1
랑트커피점,0
주커피,1
카페크레마(cafe CREMA),1
몽듀(Mon dieu),1
(주)이디야선릉본사점,1
드림,1
요거프레소(신창점),1
이디야커피 약수역점,1
쉼터,1
카페더나인,1
아이에스커피(IS COFFEE),1
써티에이프릴,1
공차목동오목교역점,1
해피콩,1
예일다방,1
토프레소,1
스마일콩(Smile Kong),1
성암다방,0
모노도즈커피(Monodose Coffee),1
캔터베리커리코리아(주),0
홀리스커피(Hollys coffee),1
커피스튜디오팍종이,1
카페 9기압,1
드립하우스(화곡점),1
빛의카페,1
카페 시카고,1
커피가 좋아,1
엔제리너스커피 수서환승통로점,1
요거프레소면목역점,1
(주)케이씨코퍼레이션 옥수지점,1
난다랑멤버스,1
리틀제이콥스,1
카페제이더블유(Cafe JW),1
난,1
여의도KBS오가다,1
웍스프레소,1
슛업,1
까페데니스,1
리베리카,1
사카,1
카페 마리오네,0
이디야 역삼초교점,1
우노,1
명,1
블랑,1
CAFE다온,0
카페띠아모고대경영관점,1
나이스데이,1
카페 숲,1
Cafe Heim(카페하임),1
커피나눔,1
주커피 이수역점,1
은커피숍,1
리와인드,1
단코,1
다시스 31호점,0
난초다방,1
파자다방,0
"초코소녀,커피총각",1
델트렌 미아삼거리역지점,1
투썸플레이스 방배카페거리점,1
커피앤커피,1
대호,0
두리다방,1
카페 힐스,1
커피기업,1
(주)카페1211,1
빈스토리가로수점,1
자메이카 커피클럽,1
커피가게,1
리터커피,1
스타벅스백병원별관점,1
플라워앤티크,1
요거프레소(창동이마트점),1
자이소카페 한국관광공사점,1
studyADE(스터디에이드),1
카페쿠모,0
알베르,1
전통다실이뭇골,0
커피나무 숭실대점,1
7th wave,0
하나,1
수 정,1
미성커피숍,0
보리,1
페미닌(feminine),1
투더디프런트(건대점),1
390,1
리치빌커피전문점,0
그린다방,1
리카스다방,1
폼(form),1
예스,1
금강다방,0
데니스,1
그린사이드,1
코스마이 길동점,0
훼미리마트염창역점,0
훼미리마트 응암 역촌점,1
휴카페,0
체스,1
쿠키,0
커피애드립,1
스타벅스오목교역,1
민트 커피,0
엔제리너스목동현대하이페리온2점,1
마마티,1
신당제니스점 (GS25),1
카페코지(CAPHE COZY),1
메머드커피(MAMMOTH COFFEE),1
르브레드랩 건대커먼그라운드점,1
데일리,1
"dripped,drip,dripping(드립드,드",0
메가엠지씨커피 당산역점,1
동아,0
카페 오가다 롯데월드몰,1
마드레,1
빈트리,1
첼로,1
카페 블링(cafe Bling),1
사랑하는 카페,0
향나무,1
한보커피숍,0
커피롱블랙,1
마놀린,1
덕수궁전통차전문,0
포레,1
커피체리,1
현다방,1
쥬트,1
용궁다방,1
가나안찻집,1
노란집,1
카페선데이런드리,1
바나나 재즈,1
캐빈,1
컬러미마인카페(cafe),1
아브라소,0
커피하우스,1
로즈(ROSE),1
달콤한나의도시,1
이디야강남세곡점,1
페이퍼마쉐,1
아이비,0
커피앤티(coffee & tea),0
LPcafe아이리스,1
더벤티커피전문점,1
브라운하우스커피 양재점,1
벧엘카페,1
엠지지디,0
카페다비다,1
비자비,1
커피스토리,0
카페정류장,1
성다방,1
카페베네(암사점),1
쿠즈코 커피,1
스타벅스논현역점,1
쥬씨 우면동점,0
엔제리너스2,1
파리바게트카페 서울대학교점,0
커피와이(COFFEE Y),1
클립에스프레소금융센터점,1
세리커피(Coffee),1
버징가,0
팡세,1
COMO(코모),1
꾸머(합정점),1
재영커피숍,1
오두막커피숍,1
엑티브짐,1
무슈마카롱바이프레쉬컵,1
앤젤리너스,1
샬롬하우스,0
좋은날,1
이디야커피답십리사거리점,1
커피컵스,1
자작나무,1
퀸즈타운,1
리얼빈스커피,1
래핑폭스,1
심리카페멘토건대,0
씨디엠네트워크2,1
빽다방 길음역점,1
카페 따라주,0
마트21,1
프라빈커피 역삼1호점,1
케밥 익스프레스,0
고향,0
그라프커피,1
포이트리커피(Poetree coffee),0
the cafe 36.5(더 카페 36.5),1
커피마마,1
온바로커피전문점1호점,1
샤넬향,1
오늘은 차,0
도피오커피서남병원점,1
인동초,1
아름다운커피E46,0
관악산2호점,1
주)엘에스씨푸드(티타임),1
까똑,0
인토크데코,1
한솔,1
생주리생과일전문점,1
사르트르커피,1
아키커피,1
탑커피전문점,1
티나모우,1
피피커피두번째이야기,0
일바리스타(IL BARISTA),1
북카페다독다독多讀茶讀,1
코코여의도점,1
진주다방,1
석봉토스트,1
탐앤탐스 강남2호점,1
우리커피숍,1
그라찌에 국립중앙도서관 본관점,1
허니아이스,1
군바리스타,0
42다방,0
잠바주스 홍대오버더디쉬점,0
투썸플레이스쌍문중앙점,1
어반라이프,1
아이알2000,0
뮤랭,0
커피메이드,1
미미스카페(mimi's cafe),0
라이체,1
커피나무 장승배기점,1
바위다방,0
까페 그레이스(cafe grace),1
비제,1
카페713(Cafe713),1
벨젬,1
핏키친 대치 포스코점,1
1번가우동,1
(주)커피빈코리아 을지명보플라자,1
비어드파파올림픽점,0
다온카페,1
꿈꾸는 하루,1
꼼떼커피,1
(주)엘앤비,1
까페 누마루,1
용,1
씨애틀,0
써니카페,0
아지트2,1
곰브라더스공덕점,0
엔제리너스커피서강대점,1
동인다방,1
만나커피,0
커피리스트,1
센스,1
뉴스,1
coffee ZAC (작),0
카페비 612,0
민들레영토,1
(주)아워홈서울대302공학관점,1
조이커피,1
베러댄와플 목동동로점,0
소리,0
치즈팩토리,1
카페멍,1
플라워에이일공오(Flower A105),1
사주클럽,0
만랩커피 가산우림라이온스점,1
커피스트림(COFFEE STREAM),1
쥬씨,1
목련다방,0
위,1
카페도츠,1
비카페,1
마이커피,1
공린가,1
명동커피숍,1
피피커피4호점,1
포문테라,1
오번가카페,1
투썸플레이스여의도씨지브이,1
보디가드,1
청실커피숍,1
빽다방 송파 방이점,1
청수다방,1
사랑의쉼터,1
파파스,0
카페클로버,0
커피나누기,1
이디야도봉산역점,1
CAFE Lamplit(카페 램플릿),1
(주)커피빈코리아 신사가로수길점,1
커피투마로우,1
커피투제이(COFFEETOJ),1
커피하우스,0
라이브,1
단아한상,1
mug 공대,1
신아커피숍,0
환다방,1
쥬씨,1
슈크르돌쥬,0
할리스커피 태평로점,1
이지(李之)카페,1
무스탕투,1
단꿈,1
커피니 역삼점,1
보성다방,0
행복플러스카페,1
연남방앗간,1
페라슈발츄러스 신대방역점,1
주택커피 견과로운생활,1
호수,0
옥루몽,1
카페지노,1
푸른초장,1
카페네스카페 중화역점,1
커피샵(coffee #),0
퐁당,1
로네펠트 티하우스(코엑스점),0
필드,0
카페홀리(cafeHoly),1
군인공제회관카페,1
카페말로,1
스타벅스 서강대점,1
알파플러스원,1
카페미우,1
사임당,0
커피마마,1
해피니스디저트,1
기기커피이화여대점,1
컴포즈커피 은행사거리점,1
그레이스,1
더 위즈,1
카페이야기(cafe eyagi),1
자리,1
더리버로드카페(The River Road C,1
길목다방,1
카페 쎄리오 강북삼성병원점,1
Toss My Shoe,1
에프터눈커피,0
예원다방,0
아체베,1
커피의집,0
사랑,0
야콥스,1
커피트레인,1
웨이유공방카페,1
친절한성진씨,1
레네카원두커피전문점,0
투썸플레이스 청담역점,1
목금토커피전문점,1
할리스커피 구파발역점,1
빠체,0
빅토리아,1
마노핀 종로점,1
커피이즈,1
카페빌,0
쉐누,1
카페히포,0
프라우스타커피전문점,1
약속,1
놀숲천호로데오점,1
꿈꾸는나무,1
곰파파,1
스무디킹 밸런스페스티벌점,0
컴포즈커피(상암점),1
더착한커피,1
더브라운(도성초교사거리점),1
커피엔진,1
북카페 J-story,0
엔제리너스커피잠실교보점,1
메카원두커피전문점,1
더나우커피,1
동산다방,0
구르미산도,1
커피플레루,1
아주나무,0
카페트렌디,1
차차,1
록원,0
테이블 에이,1
뮤렝커피,1
이층위에삼층,1
첼로,1
커피체리빈,1
올모스트홈카페,1
자유시간,1
엔제리너스GS이수역D/I점,1
도츠,0
가야미,0
홍차오,1
쉴만한 물가,1
정,1
미그웨치 이대점,1
카페길,1
카페베네,1
카페디엠(cafe diem),1
엠엘엠지 문정점,1
아현다방,1
빌리엔젤 광화문점,1
카페제레,1
투썸플레이스창동역점,1
제임스딘커피숍,1
힐링카페플라워,0
카페이너스,1
언니네 다락방,1
투썸플레이스등촌점,1
서울숲공원,1
라온카페,1
커피볶는女子,1
베이글카페,1
성일다방,1
와피,1
커피베이 중랑면목점,1
에이미스커피,1
우리다방,1
파스쿠찌 디큐브아트센터 2호점,1
쥬스를만드는지금,1
윌라라커피(서초),0
스위트번스,1
카페더초코,1
월넛,1
카페더하기,1
호가커피점,0
(주)신세계푸드 넥슨아이타워,1
커피스토리모모(coffee story mom,1
팡세,0
시티오브에스프레소,0
언약커피하우스,1
카페 미스티코,1
아지트901(AZIT901),1
커피두,0
카페두드림,0
다올 커피,1
공간커피숍,0
투썸플레이스 수유점,1
커피문화원휘경동지점,0
매머드커피여의도S점(116호),1
로사,0
탐앤탐스,1
커피패닝,1
마나모로키즈카페,1
씨앤씨,1
서울셀렉션(주),1
혜나루,1
스타벅스노원마들역점,1
엠엑스파이브(MX5) 건대점,0
투투,1
공원,1
에이미스커피 한예종점,1
쉬표,0
약속,0
하우스 브란트,1
모짜르트를닮은사랑,0
히든커피,1
휘경1동작은도서관(북카페),1
하이디,1
다누,1
빨라쪼 세빛섬점,1
더브리튼 The Britain,0
지아뜰리에,0
허브카페,1
헬로루루,1
아뜨리에,0
위트,1
프리죤커피전문점,1
공차 가산2호점,1
(주)바움스타,0
쥬시킹오목교점,1
커피집,1
커피의눈물153,1
케세커피하우스,1
커피베이 강남터미널점,1
탐앤탐스커피,1
뜨리아빈,1
더오렌지,1
공차국민대점,1
투썸플레이스 뚝섬역점,1
카페루앤비,0
서드팩토리,0
블리커 167,1
에슬로우,1
에스프레소인뉴욕,1
칸타빌레,1
풀하우스,0
빈스크레마,1
"카페 , 거기서",0
비건이삼(Vegan23),1
타르트마망,1
카페 더블유 (cafe W),1
블뤼테,0
카페큐,0
명,0
엔제리너스 대학점,1
자뎅커피타운,1
맹꽁이 노리터,1
블랙머그(Black Mug),1
마피아커피(에이스하이테크시티점,1
이브커피숍,1
이디야커피 곰달래점,1
(주)롯데삼강 원두커피,1
블랙펄,1
샵 커먼타운(# Common town),1
세븐일레븐(봉은사점),1
연희휴게실,1
샤 넬,1
목화다방,1
하이디,1
금성다방,1
카페아이엠티 마곡점,1
심플커피,1
제이독(J DOG),1
비베이글(Bee Bagel),1
커피온리(혜화역2호점),1
미소가야,1
민들레영토(신관),1
트리플러스 커피로스터즈,1
행복나무,1
길가커피숍,1
소라,1
CAFE JUICY(카페주시),1
성곽마을 삼층까페,1
카페파이나무,1
예이랑,1
더진청담,1
국제,1
포라,1
카페조이(Cafe Joy),1
킹콩주스엔청춘핫도그 어린이대공,1
JJ카페,1
(주)커피빈코리아 마곡마커스빌딩,1
커앤쥬,0
엑스포,0
킹덤,0
다원전통차,1
마사니,1
비플러스,1
쥬씨차얌 신대방역점,1
오 마이 팟,0
까페 노아,1
탐앤탐스초안산점,1
카페베네 증미역점,1
펠리스아미가(Feliz-Amiga),0
김종욱커피,1
탐앤탐스마포도화점,1
컨츄리리빙,1
커피집,1
구민,0
일카페,1
로즈버드(서초1호점),1
커피깡패연구소,1
빈,1
다온 홀딩스(미슬노),1
이디야 서소문점,1
보스톤킹휴게실,1
카페밀짚,1
코코라(COCORA),1
밤부 베이커리&브루잉 서래,1
글랜스 커피,1
커피상호작용,0
탐앤탐스 보라매역점,1
전통다원,1
카페아지트,0
카페퓨리티,1
빠뽕커피숍,1
프로포즈커피전문점,1
이디야 박미삼거리점,1
만랩커피(문래점),1
뺑코,1
디앤엠(D&M),1
카페커피집 오후2시,1
주식회사 커피나무,1
케파,1
목화다방,1
다래전통찻집,1
카페 더 블레싱(Cafe The Blessin,1
필 카페,1
메가커피,1
그랜드커피숍,1
할리스커피전문점,1
사라,1
커피에 반하다,1
세컨드컵,1
커피 양탕국,1
(주)카페베네,1
닛시카페(Nissi Cafe),1
티라노 다방,1
